id,user_id,sequence_number,session_id,created_at,ip_address,city,state,postal_code,browser,traffic_source,uri,event_type
1854484,65079,3,03cd3cad-99e8-4cce-a3ca-e7498bf730de,2024-03-19 15:43:00.000000 UTC,112.40.194.0,Tianjin,Liaoning,110035,Firefox,Organic,/cancel,cancel
1822041,48474,3,54d4fa70-4baa-4b3f-a5b2-3c5acdec6781,2024-03-19 09:50:00.000000 UTC,215.107.45.172,Tianjin,Shanghai,201600,Chrome,Email,/cancel,cancel
1481573,73714,3,ffbed0dc-8f35-47b4-a229-738f9d9494fd,2024-03-19 16:00:00.000000 UTC,51.228.47.204,Quanzhou,Shanghai,201699,Chrome,YouTube,/cancel,cancel
1794691,14102,3,919f1d10-1e20-471b-930f-46b9c350108b,2024-03-19 05:24:00.000000 UTC,199.227.71.243,Köln,Nordrhein-Westfalen,51067,Other,Email,/cancel,cancel
1745700,66523,3,852f4959-34df-49cc-a5ab-219565bb15b8,2024-03-19 02:59:00.000000 UTC,137.98.162.51,São Luís,Maranhão,65137-000,Chrome,Adwords,/cancel,cancel
2137524,81630,3,c20e5cb1-f7e7-45d5-af35-3b018cc8c9cf,2024-03-19 04:28:00.000000 UTC,136.221.90.173,Concórdia do Pará,Pará,68685-000,Chrome,Email,/cancel,cancel
1935720,62631,3,432fb2cc-9891-4071-a361-a7d6c1429f86,2024-03-19 09:09:00.000000 UTC,115.247.167.136,,Pará,68695-000,Firefox,Adwords,/cancel,cancel
1065038,27782,4,b78152e8-15df-473b-80e3-6de8c9b65146,2024-03-19 15:39:52.210595 UTC,52.72.42.179,Mairiporã,São Paulo,07600-000,Chrome,Facebook,/cart,cart
870743,28796,3,5f4f29ec-7aeb-4020-b5c3-06265b410661,2024-03-19 08:59:34.472140 UTC,36.6.247.40,Caieiras,São Paulo,07700-000,IE,Email,/cart,cart
185097,28516,4,8d6122cf-ba50-4e6d-a367-4d01a32abde5,2024-03-19 10:20:35.000000 UTC,118.210.90.213,Cajamar,São Paulo,07750-000,IE,Email,/cart,cart
795398,3577,4,c9b6a883-2a09-4ccb-9ed3-b659dc4e17f0,2024-03-19 17:01:59.000000 UTC,207.16.179.216,Huludao,Beijing,100018,Chrome,Email,/cart,cart
426348,20946,4,d4212049-164a-4d9b-9f52-7769cff8eb0a,2024-03-19 06:40:23.734485 UTC,50.136.137.166,Chaoyang,Beijing,100055,Firefox,Adwords,/cart,cart
654438,39582,6,8a91df27-0481-46fd-8b9b-6f249a8d3bcc,2024-03-19 03:36:24.380679 UTC,162.32.144.176,Wenzhou,Beijing,102208,Chrome,YouTube,/cart,cart
869123,21651,4,ade33ae9-72a2-40c8-b9c9-c6053100c212,2024-03-19 04:44:29.844565 UTC,203.42.124.177,New York,New York,10459,Chrome,Organic,/cart,cart
239679,86653,3,3c82c565-91dc-4fa0-b901-91b8c11b2975,2024-03-19 11:08:27.556960 UTC,144.178.157.62,Tokyo,Tokyo,112-0002,Firefox,YouTube,/cart,cart
976769,9056,6,2dbd30ea-fc01-42fb-bb86-7f9a2c970911,2024-03-19 16:13:02.240451 UTC,55.78.103.110,New York,New York,11206,IE,YouTube,/cart,cart
1047933,56019,4,d8067aa9-dd28-46c4-8e12-bfa693f5cb87,2024-03-19 01:47:22.942237 UTC,210.174.147.126,Putian,Liaoning,115022,Firefox,Email,/cart,cart
865930,66952,6,ee0de059-c626-4db5-99d3-25a542dff8aa,2024-03-19 12:16:56.000000 UTC,203.93.194.48,Chipiona,Andalucía,11550,Safari,YouTube,/cart,cart
956291,52902,3,d1a0168b-bea2-4165-b73c-20c66e0adf53,2024-03-19 23:52:08.000000 UTC,219.60.17.51,East Patchogue,New York,11772,Safari,Adwords,/cart,cart
969443,27115,12,56092877-a24b-427b-aa2a-0d9a7f9d8a04,2024-03-19 12:11:21.000000 UTC,87.195.73.126,Seoul,Seoul,122-030,Chrome,Adwords,/cart,cart
969404,48781,12,0153494b-4447-4a7e-b9c1-b7f52537af3d,2024-03-19 09:25:40.000000 UTC,26.26.22.74,Seoul,Seoul,122-030,Firefox,Adwords,/cart,cart
969395,30280,3,0153494b-4447-4a7e-b9c1-b7f52537af3d,2024-03-19 09:11:25.000000 UTC,26.26.22.74,Seoul,Seoul,122-030,Firefox,Adwords,/cart,cart
953875,62380,9,484f2b0f-0faa-4813-99f3-8c6adbe2ebb4,2024-03-19 09:27:01.478627 UTC,74.158.148.202,Dongguan,Liaoning,122099,Chrome,Email,/cart,cart
953872,8321,6,484f2b0f-0faa-4813-99f3-8c6adbe2ebb4,2024-03-19 09:19:13.478627 UTC,74.158.148.202,Dongguan,Liaoning,122099,Chrome,Email,/cart,cart
1227228,33631,3,0f0f4582-7c9f-4353-ab29-f695c3372fa9,2024-03-19 09:22:13.381017 UTC,18.33.8.158,Berlin,Berlin,12489,Chrome,Email,/cart,cart
1227231,57397,6,0f0f4582-7c9f-4353-ab29-f695c3372fa9,2024-03-19 09:24:10.381017 UTC,18.33.8.158,Berlin,Berlin,12489,Chrome,Email,/cart,cart
730769,18950,3,c6312a4c-7ee9-4107-91b5-eaf5bda9ae6e,2024-03-19 17:07:26.621978 UTC,31.80.87.204,Marseille,Provence-Alpes-Côte d'Azur,13007,Safari,Email,/cart,cart
628580,54830,9,a1c9918f-09ae-4e63-b9b2-f335cb6ed513,2024-03-19 04:24:55.000000 UTC,195.164.156.31,Seoul,Seoul,131-132,Firefox,YouTube,/cart,cart
19144,82344,4,59c60ef0-2dee-40bf-8dbe-7396a88f8c3a,2024-03-19 01:41:21.618736 UTC,21.121.227.38,Shenzhen,Jilin,132001,Chrome,Adwords,/cart,cart
496158,12729,3,5b10cb77-9fd5-47b0-8dd5-59a4ea711c5a,2024-03-19 00:58:57.682885 UTC,26.79.113.166,Seoul,Seoul,134-050,Chrome,Facebook,/cart,cart
743872,53656,3,094679bc-be67-4165-8abd-6afd7f9c6239,2024-03-19 12:46:05.828929 UTC,189.84.63.151,Seoul,Seoul,150-073,Chrome,Email,/cart,cart
747809,51142,4,b17d04d1-3afb-4900-8be0-b9a8313edb8d,2024-03-19 04:42:04.163874 UTC,81.191.90.67,Jinhua,Heilongjiang,150096,Firefox,Adwords,/cart,cart
1613231,45421,2,9056a8f8-e41a-4978-8f44-52248d6db16d,2024-03-19 18:28:00.000000 UTC,158.108.8.144,Mirassol,São Paulo,15130-000,Chrome,Organic,/cart,cart
292158,24544,9,f344fac7-8489-460e-841d-56c1dab2efc0,2024-03-19 15:11:01.000000 UTC,169.245.47.142,Chengdu,Heilongjiang,154007,Chrome,Email,/cart,cart
292194,20416,6,a08c5c1d-7adc-4894-9c15-51694e1e1820,2024-03-19 13:25:36.000000 UTC,174.189.168.166,Chengdu,Heilongjiang,154007,Chrome,Adwords,/cart,cart
292184,72838,9,2abebd1e-063c-497b-9c8a-e76e35c55a70,2024-03-19 12:31:19.000000 UTC,202.188.157.191,Chengdu,Heilongjiang,154007,Chrome,Email,/cart,cart
932201,42200,6,3a9686db-c82f-4f22-870a-e19970237e3b,2024-03-19 09:06:08.878614 UTC,36.187.118.12,Seoul,Seoul,157-201,Chrome,Email,/cart,cart
1215019,6192,6,bc3d6a04-91cd-4a6b-a515-6a2ffbcbddee,2024-03-19 15:56:24.328529 UTC,172.179.38.29,Tokyo,Tokyo,178-0063,Chrome,YouTube,/cart,cart
1215026,57745,6,62aad2c5-019a-4ff3-9241-e363e7231037,2024-03-19 18:33:39.328529 UTC,193.129.253.218,Tokyo,Tokyo,178-0063,Chrome,Adwords,/cart,cart
615561,96250,12,6b64f076-0dce-48a5-a72a-325fa6139358,2024-03-19 07:01:50.940561 UTC,209.80.179.215,Itapeva,São Paulo,18400-000,Firefox,Facebook,/cart,cart
615548,5796,12,3a88b2e4-843f-4e3c-b702-d14fc5041be8,2024-03-19 07:27:06.940561 UTC,39.56.210.5,Itapeva,São Paulo,18400-000,IE,Email,/cart,cart
615545,13920,9,3a88b2e4-843f-4e3c-b702-d14fc5041be8,2024-03-19 07:23:17.940561 UTC,39.56.210.5,Itapeva,São Paulo,18400-000,IE,Email,/cart,cart
365942,84267,6,de241320-3cfa-4217-b20b-fd1bbd35e6a2,2024-03-19 16:44:20.891958 UTC,93.53.202.207,Lowell,Massachusetts,1852,Chrome,Email,/cart,cart
976012,93791,6,65237661-5ad9-4e67-ac74-c034f6c05a97,2024-03-19 06:46:10.054747 UTC,19.5.38.101,Xiaoping City,Tokyo,187-0032,Chrome,Email,/cart,cart
1075817,73213,3,d6a932ca-332c-4ae8-ae91-f9a6c5dc77a4,2024-03-19 02:20:56.063992 UTC,189.75.131.2,Jiaxing,Shanghai,200051,Chrome,Facebook,/cart,cart
108526,80572,9,50145ed4-d0ba-4acc-b522-5ff1fd6db7bf,2024-03-19 01:21:58.000000 UTC,125.118.49.233,Wuhan,Shanghai,200124,Chrome,Adwords,/cart,cart
456456,46896,9,b7490f6d-63ba-438e-b514-976d3343385f,2024-03-19 08:42:24.033012 UTC,187.107.68.90,Beijing,Shanghai,201101,Chrome,Adwords,/cart,cart
375211,54767,4,3d909c72-9d1e-4c66-9028-542beda2b0d9,2024-03-19 09:42:06.981082 UTC,39.255.175.206,Hefei,Shanghai,201318,Other,Facebook,/cart,cart
1230270,14288,6,ae0f5175-d09f-4815-b041-5ec33b476384,2024-03-19 05:00:19.103037 UTC,90.104.161.150,Beijing,Shanghai,201824,Chrome,Email,/cart,cart
751980,34302,4,ee0d2590-954e-4b99-af01-d61150159556,2024-03-19 10:39:02.032522 UTC,77.250.80.0,Yichun,Jiangsu,210037,Chrome,Adwords,/cart,cart
365271,42127,6,d4f9f2d4-44ed-41e6-a3c8-e7c099811844,2024-03-19 15:51:53.031897 UTC,26.218.155.193,Rio de Janeiro,Rio de Janeiro,21012-350,Chrome,Organic,/cart,cart
505382,85299,4,4132641d-54c0-496c-b338-7cdeb2dfd1e4,2024-03-19 00:41:55.862139 UTC,160.128.236.21,Marey-sur-Tille,Bourgogne-Franche-Comté,21120,Chrome,Organic,/cart,cart
979149,65543,9,88e1250d-b780-4c33-99a8-da550aa8de10,2024-03-19 00:18:24.535990 UTC,36.2.88.9,Wonju City,Gangwon-do,220-800,Chrome,Adwords,/cart,cart
551639,19710,6,d3e37944-9bc0-4137-abeb-fa3cb40d0f3f,2024-03-19 16:02:50.997832 UTC,45.0.144.223,McLean,Virginia,22101,Other,YouTube,/cart,cart
178999,30946,4,8aa149b9-aa71-43b8-b71f-6bc70a29d76d,2024-03-19 13:16:23.156510 UTC,31.177.75.98,Newcastle,New South Wales,2305,Chrome,YouTube,/cart,cart
986281,28290,6,3fc8a714-efd9-4726-9b50-61f299eba287,2024-03-19 06:57:26.827203 UTC,95.192.220.112,Huainan,Anhui,231600,Chrome,Facebook,/cart,cart
986288,2088,6,52003311-8d14-4922-9575-c25ec01596c5,2024-03-19 07:37:32.827203 UTC,26.229.239.35,Huainan,Anhui,231600,Chrome,Email,/cart,cart
463455,97904,6,5fa4dbcd-986e-44b2-a734-4b9ce8ba43e3,2024-03-19 05:26:42.350521 UTC,3.241.37.36,Chengdu,Anhui,242034,Chrome,Facebook,/cart,cart
1028455,1848,6,ff61081d-6789-40b6-b927-7997dd40d3e2,2024-03-19 23:26:02.000000 UTC,39.224.129.57,Coffs Harbour,New South Wales,2452,Chrome,Email,/cart,cart
1119283,54691,3,bb70294f-6ec3-4bc6-a571-b0ec7cc6c16d,2024-03-19 01:51:54.000000 UTC,8.205.50.62,Duque de Caxias,Rio de Janeiro,25265-008,Chrome,Adwords,/cart,cart
1119290,32491,3,71e97cd0-bfe1-43ae-8b0d-7d600a6c1642,2024-03-19 02:49:44.000000 UTC,44.73.214.29,Duque de Caxias,Rio de Janeiro,25265-008,Firefox,Email,/cart,cart
1043468,34844,4,b2fe00ef-cdb0-4bee-a298-c6594ce112e9,2024-03-19 23:00:43.350367 UTC,20.118.46.248,Kunming,Shandong,256500,Chrome,Email,/cart,cart
307932,83472,6,17d6bac7-8e40-4bf6-abeb-e2bc85662244,2024-03-19 12:10:03.901233 UTC,110.255.235.136,Linyi,Shandong,271039,IE,Adwords,/cart,cart
1151940,51932,3,c24254fb-2695-4f6e-824a-f404b76744c6,2024-03-19 01:04:49.752810 UTC,204.102.0.162,Hillsborough,North Carolina,27278,Firefox,Email,/cart,cart
368488,8430,3,6e198da4-0346-4d1c-9102-b87b3f54bf66,2024-03-19 08:49:45.000000 UTC,156.36.6.220,Apex,North Carolina,27539,Firefox,Organic,/cart,cart
853159,19183,4,47a7fa1f-da71-416e-afca-1903f4e58608,2024-03-19 01:41:56.000000 UTC,152.56.165.123,Gastonia,North Carolina,28056,Chrome,Email,/cart,cart
658064,94001,4,37ba03bd-bfdc-4327-90a7-8a0437a2cbfc,2024-03-19 14:45:01.000000 UTC,57.150.234.23,Fairview,North Carolina,28079,Chrome,Email,/cart,cart
118709,91223,4,a2cd1c65-4c86-47ab-a071-4956584c4498,2024-03-19 00:55:11.000000 UTC,66.229.239.216,West Warwick,Rhode Island,2893,Chrome,YouTube,/cart,cart
663256,26801,3,2538d2ae-0997-4a05-a86e-659aadaff440,2024-03-19 01:07:01.663553 UTC,189.196.240.79,Fuenlabrada,Comunidad de Madrid,28941,Chrome,Email,/cart,cart
663239,63977,12,88e056dd-fb39-4724-a440-bb993dc764f2,2024-03-19 02:09:38.663553 UTC,215.165.8.187,Fuenlabrada,Comunidad de Madrid,28941,Chrome,Adwords,/cart,cart
275405,52007,6,891b1b30-6e6e-4fea-a806-cc2e4799acce,2024-03-19 08:00:41.000000 UTC,96.162.166.145,Saquarema,Rio de Janeiro,28990-000,Chrome,YouTube,/cart,cart
275437,23500,12,60176015-aa57-4d11-ae7d-8b2e6a6760c4,2024-03-19 08:07:32.000000 UTC,34.147.227.45,Saquarema,Rio de Janeiro,28990-000,Safari,YouTube,/cart,cart
243087,42028,9,e16571fb-e192-49e0-b895-38ee313c101c,2024-03-19 03:37:35.766017 UTC,177.126.147.178,Vila Velha,Espírito Santo,29101-420,Chrome,Facebook,/cart,cart
243104,49530,6,dd4e5959-fccc-4c02-95e8-50a836003e73,2024-03-19 01:59:18.766017 UTC,196.110.41.54,Vila Velha,Espírito Santo,29101-420,Safari,Email,/cart,cart
714290,38637,9,61d8803d-3510-4d64-8616-7ebbf3b71ed9,2024-03-19 10:58:35.538996 UTC,87.167.30.106,Suqian,Shanxi,30023,Chrome,Email,/cart,cart
714293,34891,12,61d8803d-3510-4d64-8616-7ebbf3b71ed9,2024-03-19 11:01:33.538996 UTC,87.167.30.106,Suqian,Shanxi,30023,Chrome,Email,/cart,cart
244564,85165,4,69b3f9cf-32e7-487c-91c4-502a9dc05ebf,2024-03-19 14:53:56.937533 UTC,14.227.157.132,Beijing,Tianjin,300456,Chrome,Email,/cart,cart
1300343,73446,6,dc74ccc2-67ba-4002-8667-ce25d080719a,2024-03-19 10:48:46.679137 UTC,4.202.234.166,Loganville,Georgia,30052,Chrome,Adwords,/cart,cart
74736,50395,9,caca6b00-17c9-4562-8b82-451251c262f3,2024-03-19 14:41:30.178963 UTC,126.163.154.240,Atlanta,Georgia,30315,Safari,Email,/cart,cart
74723,62481,3,bb4b1bfd-daab-4995-8df8-b0ea919b279e,2024-03-19 16:52:20.178963 UTC,68.240.141.227,Atlanta,Georgia,30315,Chrome,Organic,/cart,cart
74756,97559,3,3d384cc8-f217-4f06-812a-f2df05d00678,2024-03-19 15:14:50.178963 UTC,222.229.87.159,Atlanta,Georgia,30315,Chrome,Facebook,/cart,cart
74769,42202,3,fa566fa3-4c6b-414f-b0c5-28e43f23160f,2024-03-19 14:42:05.178963 UTC,61.239.142.10,Atlanta,Georgia,30315,Chrome,Email,/cart,cart
46489,92575,9,468d1fb4-059d-48de-a038-8629deaa02f7,2024-03-19 07:48:45.041346 UTC,182.238.108.134,Melbourne,Victoria,3036,Chrome,Facebook,/cart,cart
46493,3577,3,ed7b0bea-b3f9-4ca1-a7b1-ad89c751c115,2024-03-19 06:35:39.041346 UTC,209.242.159.63,Melbourne,Victoria,3036,Firefox,Email,/cart,cart
46496,3577,6,ed7b0bea-b3f9-4ca1-a7b1-ad89c751c115,2024-03-19 06:37:40.041346 UTC,209.242.159.63,Melbourne,Victoria,3036,Firefox,Email,/cart,cart
471142,35933,3,14c63984-9eba-41ec-9f9f-7c7cf91e5685,2024-03-19 09:05:19.000000 UTC,149.6.198.79,Beijing,Zhejiang,310053,Chrome,Adwords,/cart,cart
80380,6192,4,d3cbf149-6faf-4b5a-863f-dc4879d4ffc1,2024-03-19 17:54:06.285945 UTC,220.241.194.148,Muret,Occitanie,31600,Firefox,Adwords,/cart,cart
690321,52902,4,c97d6011-2d92-4f91-aeef-d774f5780b69,2024-03-19 00:50:13.761342 UTC,147.178.77.138,Shanghai,Zhejiang,325102,IE,Email,/cart,cart
1042619,79914,6,cd7136ad-5c8e-4223-a618-9f9b7dc04a03,2024-03-19 14:52:35.356323 UTC,2.28.215.46,Wright,Florida,32547,Other,Facebook,/cart,cart
549964,42028,4,afa49a62-f318-40bf-9a0c-a69a5f000027,2024-03-19 14:51:41.000000 UTC,168.253.190.193,Sebastian,Florida,32958,Safari,Adwords,/cart,cart
182412,13920,3,7c29fbe6-1526-4282-9982-17890960716c,2024-03-19 08:26:36.105748 UTC,181.18.81.186,Hialeah,Florida,33013,Chrome,Email,/cart,cart
163584,12399,12,149d1fd5-7863-490c-8d95-157672931da1,2024-03-19 23:05:36.000000 UTC,104.69.49.229,Beijing,Jiangxi,330700,Safari,Email,/cart,cart
163594,12399,9,6a99f556-eda8-4f83-b698-7a8a1560238b,2024-03-19 22:20:59.000000 UTC,6.206.207.236,Beijing,Jiangxi,330700,Chrome,YouTube,/cart,cart
457052,34891,12,c7bc7b1d-3aa7-4350-b89a-db0344f5057d,2024-03-19 11:21:02.000000 UTC,135.233.195.85,Miami,Florida,33125,Chrome,Adwords,/cart,cart
457059,34891,6,9b589dbf-a943-45dc-8449-18768c4a7551,2024-03-19 12:05:09.000000 UTC,34.146.252.41,Miami,Florida,33125,Firefox,Email,/cart,cart
457069,34891,3,d0cd57b2-b158-4cb9-b96c-8a7eb1cf7a26,2024-03-19 08:28:45.000000 UTC,139.245.50.154,Miami,Florida,33125,Firefox,Email,/cart,cart
1133255,86659,4,ff91b910-1845-42bf-9677-5c97212c89d7,2024-03-19 13:46:09.000000 UTC,83.120.49.20,Bègles,Nouvelle-Aquitaine,33130,Firefox,Adwords,/cart,cart
377364,28681,3,1f1f9389-aa63-4813-80e0-ba5d8b39e6b8,2024-03-19 14:16:15.000000 UTC,48.164.81.249,Miami,Florida,33142,Other,Email,/cart,cart
377367,28681,6,1f1f9389-aa63-4813-80e0-ba5d8b39e6b8,2024-03-19 14:21:14.000000 UTC,48.164.81.249,Miami,Florida,33142,Other,Email,/cart,cart
11132,808,6,be140262-25d0-4c93-8214-4bfb1f977874,2024-03-19 05:55:49.304483 UTC,31.47.186.237,Palmetto Bay,Florida,33157,Chrome,Adwords,/cart,cart
274160,20946,9,603b8c87-e118-43ec-965b-27e2becac5dd,2024-03-19 12:23:37.121666 UTC,121.198.238.252,Chengdu,Jiangxi,333003,Chrome,Email,/cart,cart
1265594,96660,6,26dc39f0-e7f1-4f4f-9476-d608d162d283,2024-03-19 08:15:19.190700 UTC,3.145.126.209,Saitama City,Saitama,336-0017,Chrome,Facebook,/cart,cart
501936,38359,9,eda754d0-804a-4d55-97c2-714971d109a7,2024-03-19 08:44:59.291869 UTC,173.165.155.175,Town 'n' Country,Florida,33615,Chrome,Adwords,/cart,cart
501930,38359,3,eda754d0-804a-4d55-97c2-714971d109a7,2024-03-19 08:32:56.291869 UTC,173.165.155.175,Town 'n' Country,Florida,33615,Chrome,Adwords,/cart,cart
472070,36009,6,13a6160c-4194-45b1-85a2-0262c8a8b790,2024-03-19 16:08:04.000000 UTC,210.88.119.100,West Samoset,Florida,34203,IE,Organic,/cart,cart
926507,71012,3,37827dc1-0f2f-40f3-ba71-987a610643d3,2024-03-19 03:49:38.000000 UTC,130.204.244.25,Zhanjiang,Jiangxi,342800,Safari,Adwords,/cart,cart
926530,71012,6,ccfac562-e504-41c7-8a0a-ccb5397f9936,2024-03-19 05:24:14.000000 UTC,182.77.39.41,Zhanjiang,Jiangxi,342800,Chrome,Email,/cart,cart
1816687,,2,2961e3a5-178c-4c6e-8477-c96096bed9b1,2024-03-19 04:53:00.000000 UTC,213.86.107.129,Gisborne,Victoria,3437,Chrome,Email,/cart,cart
315741,24076,3,87f70c1a-ee5f-4950-98a4-702e4f4e0105,2024-03-19 02:53:47.000000 UTC,86.247.23.125,Suzhou,Fujian,350009,Chrome,Adwords,/cart,cart
885347,67982,6,6225bb4c-1611-4d1f-ab13-e1449bf92870,2024-03-19 17:54:13.258246 UTC,209.243.62.193,Le Pertre,Bretagne,35370,IE,Email,/cart,cart
678834,51986,6,c9ed04c5-c110-4648-9975-fe25441d48bd,2024-03-19 02:13:44.798744 UTC,69.27.236.241,Xi'an,Fujian,361022,Safari,Adwords,/cart,cart
283332,21645,6,769f4938-593a-4960-9856-e256514533e1,2024-03-19 16:45:11.980743 UTC,175.223.138.74,Nanjing,Fujian,362211,Safari,YouTube,/cart,cart
794198,61053,3,ae7247b5-2b4e-46c0-bdd7-698caa3549d9,2024-03-19 14:44:29.000000 UTC,106.142.23.34,Três Corações,Minas Gerais,37410-000,Chrome,Adwords,/cart,cart
698087,53471,4,5d0c76c2-5e93-4d36-984e-52b5dceabe6e,2024-03-19 11:40:34.871742 UTC,203.73.155.71,Machado,Minas Gerais,37750-000,Firefox,Facebook,/cart,cart
1277040,97559,12,a344dc05-a39c-4d03-b5bb-e6534c8f644d,2024-03-19 09:57:39.229651 UTC,58.142.110.196,Toolangi,Victoria,3777,Safari,Email,/cart,cart
7784,550,4,1ea89066-875c-443d-9ec8-f1a4916bc0eb,2024-03-19 22:36:53.456623 UTC,135.172.50.30,Columbia,Tennessee,38401,Other,Email,/cart,cart
431342,32874,9,2b6ce90f-8ebc-4b85-a1a7-b058864041a6,2024-03-19 16:07:26.453284 UTC,124.81.56.150,Tianjin,Chongqing,400799,Safari,Email,/cart,cart
431346,32874,3,381b79bb-f973-4e17-b6df-dd4a9da4efb8,2024-03-19 17:41:25.453284 UTC,21.204.66.233,Tianjin,Chongqing,400799,Chrome,YouTube,/cart,cart
329337,25045,6,fd0d6f27-f49e-4945-a3dd-cb613a286040,2024-03-19 10:34:18.000000 UTC,76.253.248.229,Putian,Chongqing,402493,Firefox,Email,/cart,cart
200538,15294,4,33bc2b27-329b-4db4-837c-2bfcd974a4df,2024-03-19 14:56:46.000000 UTC,62.229.188.50,Salvador,Bahia,40301-155,Other,Facebook,/cart,cart
1067523,81794,6,3b06effa-4b82-4aba-8f1b-6c9315c97b8a,2024-03-19 13:52:39.777091 UTC,114.42.204.142,Salvador,Bahia,40301-155,Firefox,Adwords,/cart,cart
536853,40979,12,dfc79376-9d43-412c-bf54-0cc149382e9a,2024-03-19 10:32:05.871073 UTC,125.211.52.137,Linyi,Hunan,410013,Firefox,YouTube,/cart,cart
536876,40979,9,3b82d3d7-ba29-4a73-a726-182a7861bf67,2024-03-19 10:34:53.871073 UTC,193.43.206.248,Linyi,Hunan,410013,Chrome,Email,/cart,cart
536879,40979,12,3b82d3d7-ba29-4a73-a726-182a7861bf67,2024-03-19 10:37:29.871073 UTC,193.43.206.248,Linyi,Hunan,410013,Chrome,Email,/cart,cart
109822,8430,4,09d525f0-4063-403e-98bb-3161475bf95a,2024-03-19 12:17:28.568453 UTC,156.203.214.205,Shan Tou,Hunan,410014,Firefox,Email,/cart,cart
151230,11481,3,ffdb57bc-b2d3-4866-9965-c2c57e974c44,2024-03-19 03:34:34.855995 UTC,204.225.143.26,Independence,Kentucky,41051,Firefox,Adwords,/cart,cart
151226,11481,4,4d586954-8907-4db6-8b0c-5a35d1db907b,2024-03-19 03:34:24.855995 UTC,67.217.64.68,Independence,Kentucky,41051,Chrome,Email,/cart,cart
1292925,98777,4,121eecde-5aa8-4928-9974-57a1b5fbca94,2024-03-19 01:33:32.000000 UTC,23.188.35.192,Goyang City,Gyeonggi-do,411-370,Chrome,Adwords,/cart,cart
162261,12308,6,bef126ec-9593-46cd-94b2-10d28bdf6057,2024-03-19 11:14:16.457129 UTC,99.68.210.192,Neuss,Nordrhein-Westfalen,41460,Chrome,YouTube,/cart,cart
609533,46689,4,6065f6b2-d1ea-47c2-a361-2514d6d76b8e,2024-03-19 14:59:39.999643 UTC,148.86.138.75,Siheung City,Gyeonggi-do,429-450,Firefox,YouTube,/cart,cart
1838393,,2,f0936d9f-13e6-4d60-9b10-447a7e74e344,2024-03-19 07:51:00.000000 UTC,211.112.101.133,Yunfu,Hubei,430023,Chrome,Facebook,/cart,cart
780754,60021,6,3a663172-ae28-4e44-a1be-fa24c9f398b5,2024-03-19 01:41:45.880104 UTC,160.192.51.179,Dongguan,Hubei,430024,Chrome,Email,/cart,cart
819380,63028,12,1590f596-ce55-4528-9e63-6b212c8f0cb0,2024-03-19 07:26:47.705086 UTC,163.215.76.12,Osan City,Gyeonggi-do,447-010,Chrome,Email,/cart,cart
819377,63028,9,1590f596-ce55-4528-9e63-6b212c8f0cb0,2024-03-19 07:22:52.705086 UTC,163.215.76.12,Osan City,Gyeonggi-do,447-010,Chrome,Email,/cart,cart
1483672,,3,f13029d5-43d0-491f-9f8a-871648767b43,2024-03-19 14:52:00.000000 UTC,55.92.118.181,Yongin City,Gyeonggi-do,448-162,Safari,Email,/cart,cart
71738,5514,4,23d88ef4-0d39-4110-87b0-c24b7b58be0a,2024-03-19 05:43:24.063676 UTC,204.125.77.242,Shanghai,Henan,454002,Safari,Adwords,/cart,cart
254994,19491,9,a4e59041-71e8-46ee-a0c3-b0dbb6f4f9e0,2024-03-19 14:32:23.000000 UTC,174.111.103.199,Porto Seguro,Bahia,45810-000,Safari,Facebook,/cart,cart
218809,16661,4,b5ce44ce-9daf-4312-83fb-f4c10b16f6f9,2024-03-19 06:15:14.176897 UTC,203.189.140.171,Valencia,Comunidad Valenciana,46001,Chrome,Email,/cart,cart
1070370,81980,9,3a010dbb-7dc7-4376-85f2-a02a0f24d968,2024-03-19 10:30:40.806078 UTC,130.83.168.205,Indianapolis,Indiana,46226,Chrome,Email,/cart,cart
384404,29253,4,c1eaea20-d71f-42f7-824f-4c958f4dc76d,2024-03-19 11:02:55.637947 UTC,83.91.246.41,Tönisvorst,Nordrhein-Westfalen,47918,Firefox,Email,/cart,cart
554355,42413,4,77205f31-6ce4-4e6b-b382-0a7865e8cc6e,2024-03-19 08:18:01.000000 UTC,123.77.78.214,Grand Rapids,Michigan,49505,Safari,Email,/cart,cart
83251,6404,4,824f403d-f492-4547-a8c8-743ff8d51f0b,2024-03-19 12:10:00.271486 UTC,184.105.112.176,Malmedy,Wallonia,4960,Other,Email,/cart,cart
1033305,79208,4,3663b145-442a-4087-88e5-a6353f501a4b,2024-03-19 03:45:29.000000 UTC,214.26.86.127,Gwangju,Gwangju,506-053,Chrome,Email,/cart,cart
730842,56023,3,1a199893-ab4d-47d0-b0da-fd7c1aa99c62,2024-03-19 01:03:59.778734 UTC,54.77.27.167,Fosses-la-Ville,Wallonia,5070,IE,YouTube,/cart,cart
682050,52245,4,e2f403fe-d66b-4c2e-a71d-eae94d3db27f,2024-03-19 21:21:07.342450 UTC,45.205.242.39,Adelaide,South Australia,5073,IE,YouTube,/cart,cart
1100769,84267,4,28e39e68-778d-4e08-8e74-ce2a1608cb3b,2024-03-19 03:58:52.327517 UTC,107.248.221.84,Recife,Pernambuco,51130-020,Chrome,Email,/cart,cart
1260230,96250,4,067f5ab0-0cad-4e70-8e46-f9461213882e,2024-03-19 01:18:27.248483 UTC,107.98.23.153,Foshan,Guangdong,511450,Firefox,Adwords,/cart,cart
30817,2327,6,62335026-2111-469d-9294-9db374720a0c,2024-03-19 09:58:25.006075 UTC,92.252.146.254,Shaoyang,Guangdong,515141,Safari,Email,/cart,cart
672762,51508,6,3e2313d1-1d4d-4a9d-90f8-9a7c983f7b1d,2024-03-19 14:42:19.752006 UTC,187.39.66.41,Guangzhou,Guangdong,516003,Chrome,Adwords,/cart,cart
409560,31218,6,48882091-85eb-431a-8a8f-ecb8e3546b7f,2024-03-19 04:23:01.000000 UTC,130.125.191.55,Yinchuan,Guangdong,518024,Chrome,Adwords,/cart,cart
1294178,98890,4,df72e72a-e643-4866-a546-e06c7ccbf789,2024-03-19 10:49:55.000000 UTC,57.120.167.38,Yueyang,Guangdong,518103,Chrome,Facebook,/cart,cart
267604,20416,3,b9b994ef-52b0-457a-94db-2d198c1b7aa0,2024-03-19 00:39:20.482973 UTC,176.135.12.25,Nanjing,Guangdong,518108,Other,Adwords,/cart,cart
56667,4343,4,3b576e38-5b14-4461-b02a-37985e999cad,2024-03-19 07:04:54.022853 UTC,90.162.140.113,Beijing,Guangdong,523122,Firefox,Adwords,/cart,cart
1065190,81630,6,b9b0c978-1c49-4dad-9f8b-3a8bc294769a,2024-03-19 11:04:06.593617 UTC,218.61.248.173,Shan Tou,Guangdong,526020,Safari,Email,/cart,cart
1065207,81630,3,f4bf5449-2068-472f-afd7-6158bcf95152,2024-03-19 10:27:20.593617 UTC,76.140.252.193,Shan Tou,Guangdong,526020,Chrome,Email,/cart,cart
1065203,81630,9,f9113831-e2da-490f-9b6b-c515c6531f04,2024-03-19 08:18:48.593617 UTC,149.20.66.179,Shan Tou,Guangdong,526020,Safari,Adwords,/cart,cart
277846,21227,6,c97fdc6f-f7cd-4a97-b5fe-b8637658449f,2024-03-19 10:07:00.000000 UTC,57.4.132.173,Haikou,Guangdong,528247,Chrome,Email,/cart,cart
959564,73446,6,01bf1c65-229c-4a89-86ac-541916a98bf9,2024-03-19 23:24:07.000000 UTC,21.182.35.177,Kunming,Guangdong,528311,Firefox,Facebook,/cart,cart
959583,73446,12,8c49cd5d-4aa7-437d-abd4-9d88bf00dcec,2024-03-19 21:04:43.000000 UTC,9.144.107.55,Kunming,Guangdong,528311,Safari,Adwords,/cart,cart
227795,17352,3,49223a5b-85d1-4029-97a4-9508e76d90dd,2024-03-19 04:17:50.000000 UTC,124.247.137.102,Beijing,Guangdong,528467,Chrome,Email,/cart,cart
227778,17352,6,fc03754c-d1d7-4349-a3dc-3044759f0614,2024-03-19 04:08:15.000000 UTC,170.172.113.220,Beijing,Guangdong,528467,Firefox,Adwords,/cart,cart
310378,23680,3,dc274703-3913-4beb-ac3c-93f952e773a9,2024-03-19 07:47:11.860629 UTC,34.19.85.92,Tianjin,Guangdong,529090,Chrome,Email,/cart,cart
453388,34596,6,f83cf36f-82e2-4cba-9906-785588d46387,2024-03-19 10:27:53.767172 UTC,183.79.152.212,Burlington,Vermont,5401,Chrome,Adwords,/cart,cart
275847,21050,4,e28ebfde-617a-4759-9fc0-6b486a4beaa6,2024-03-19 04:19:16.228419 UTC,122.219.29.163,Shenzhen,Guizhou,550002,Chrome,Facebook,/cart,cart
55632,4262,4,d39f694c-f275-4061-802f-98330ab91ea9,2024-03-19 05:15:24.817972 UTC,151.197.145.169,Shijiazhuang,Guizhou,550008,Chrome,Email,/cart,cart
357162,27115,6,2955a178-6676-48ec-aa42-56a18c3678ad,2024-03-19 08:20:09.000000 UTC,148.25.195.69,Lino Lakes,Minnesota,55014,Other,Email,/cart,cart
254200,19435,3,23e6fb03-ba41-42aa-9745-eecd5ded8b2a,2024-03-19 14:40:24.775653 UTC,214.126.100.61,Lakeville,Minnesota,55044,Safari,Adwords,/cart,cart
365537,27750,9,69c7ba2c-0c82-40c5-9591-f39f085e5079,2024-03-19 10:48:16.674614 UTC,190.130.236.19,Suzhou,Hebei,55150,Chrome,Adwords,/cart,cart
365511,27750,9,0b8c4bc4-812d-4b1f-9d43-25e872908e1d,2024-03-19 14:21:05.674614 UTC,215.135.41.18,Suzhou,Hebei,55150,Chrome,Email,/cart,cart
710947,54454,4,2c5c4c0f-666a-496f-908d-5e2bf87371df,2024-03-19 07:41:46.684363 UTC,188.185.123.99,Eden Prairie,Minnesota,55347,Chrome,Email,/cart,cart
1186174,90646,6,3699cec7-66f8-465d-948c-0dcd8d8a92f5,2024-03-19 14:07:28.000000 UTC,28.130.60.191,Mayen,Rheinland-Pfalz,56727,Chrome,Facebook,/cart,cart
1027472,78755,9,5c594b8f-31a6-4631-8c57-22ebf272a1b7,2024-03-19 06:42:46.000000 UTC,26.236.202.40,Dongguan,Hainan,571101,Chrome,Adwords,/cart,cart
916208,70297,4,447a839b-4137-4f73-b355-7f6fec1c2fe4,2024-03-19 10:55:26.246234 UTC,180.201.135.132,Suzhou,Hainan,571700,Chrome,Email,/cart,cart
765149,58762,6,71c0ebd6-d6e7-4fb5-8128-26a52f1b0629,2024-03-19 14:06:05.000000 UTC,15.231.163.22,Daqing,Hebei,57550,Firefox,Email,/cart,cart
529239,40462,4,7dbeef45-d731-4994-8761-a67f9332ae28,2024-03-19 01:53:29.000000 UTC,66.10.62.248,São Gonçalo do Amarante,Rio Grande do Norte,59290-000,Firefox,Email,/cart,cart
551617,42200,3,8837875a-ad1e-4610-b6bd-10747cf93a2d,2024-03-19 02:00:45.000000 UTC,103.22.104.82,Apodi,Rio Grande do Norte,59700-000,Firefox,Email,/cart,cart
292342,22367,6,7b9368b7-08bf-4b7c-9d36-d7a87b1d2467,2024-03-19 21:35:23.634432 UTC,155.205.169.217,Fortaleza,Ceará,60010-450,Safari,Facebook,/cart,cart
375181,28513,3,4aae86ec-9c67-4eea-9bef-1a784fac47df,2024-03-19 10:41:32.000000 UTC,116.122.149.18,Highland Park,Illinois,60035,Safari,Email,/cart,cart
812139,62442,4,09f4590b-606e-4fc1-a0cd-988427e5543e,2024-03-19 09:25:39.781020 UTC,39.45.89.114,Coudun,Hauts-de-France,60150,Firefox,Email,/cart,cart
367250,27911,3,d427f174-7659-441e-bf3f-88fcd8a5a06d,2024-03-19 05:20:47.829078 UTC,90.35.250.6,Perth,Western Australia,6100,Chrome,Email,/cart,cart
367243,27911,3,ed9e3eb2-04ab-4a89-ac0d-eb691e5f1ca8,2024-03-19 03:52:50.829078 UTC,167.40.102.89,Perth,Western Australia,6100,Chrome,Adwords,/cart,cart
2141163,,2,46b93c71-26d0-4508-b85a-d37a49aca808,2024-03-19 18:22:00.000000 UTC,28.42.211.251,Taiyuan,Sichuan,610081,Chrome,Email,/cart,cart
338020,25677,4,554d7cbe-108c-4270-a7fb-2ca8da3784de,2024-03-19 01:33:15.524622 UTC,216.216.91.154,Busan,Busan,619-960,Safari,Facebook,/cart,cart
360505,27355,3,fc9fb458-1d6b-4616-83d6-0bac40378617,2024-03-19 07:15:53.659792 UTC,213.16.118.1,Gimhae City,Gyeongsangnam-do,621-830,Chrome,Email,/cart,cart
457523,34925,4,b6c4fd23-e999-49b7-ad23-348c4d015ccc,2024-03-19 12:13:22.115929 UTC,17.137.217.119,São Gonçalo do Amarante,Ceará,62670-000,Firefox,Email,/cart,cart
457509,34925,3,b3f7d33f-5ba8-4dd8-96a6-18e7384f2d63,2024-03-19 10:02:34.115929 UTC,83.191.65.95,São Gonçalo do Amarante,Ceará,62670-000,Chrome,Facebook,/cart,cart
157391,11947,3,88129489-f77e-4de8-b17e-866c436c83d5,2024-03-19 13:14:27.753139 UTC,31.232.86.162,Guangzhou,Sichuan,629099,Chrome,Email,/cart,cart
157417,11947,3,6420abb7-e2d5-44c1-b40d-c323b6edb37c,2024-03-19 13:18:49.753139 UTC,79.115.191.10,Guangzhou,Sichuan,629099,Chrome,Email,/cart,cart
157410,11947,9,7ab972c0-e600-4616-87c0-9430d9034366,2024-03-19 15:03:17.753139 UTC,23.213.225.69,Guangzhou,Sichuan,629099,Chrome,Adwords,/cart,cart
682000,52239,6,42c8e6c6-1c36-49ac-9aa3-94a9527ad8de,2024-03-19 14:24:37.117370 UTC,71.23.92.3,Offenbach am Main,Hessen,63069,Firefox,Email,/cart,cart
681997,52239,3,42c8e6c6-1c36-49ac-9aa3-94a9527ad8de,2024-03-19 14:23:11.117370 UTC,71.23.92.3,Offenbach am Main,Hessen,63069,Firefox,Email,/cart,cart
447823,34173,4,3c7ac4b1-3baa-4d22-b92a-0977cc16f13d,2024-03-19 07:14:28.784555 UTC,15.89.80.185,,Ceará,63560-000,Chrome,Adwords,/cart,cart
1111066,85067,4,b548d228-5be7-459d-8285-aae7cc177cdb,2024-03-19 15:05:41.000000 UTC,189.37.244.142,Darmstadt,Hessen,64295,Chrome,Adwords,/cart,cart
500704,38275,4,bb43af8d-cca8-4452-914d-5d4b2b2f5d14,2024-03-19 09:32:01.103743 UTC,90.28.194.63,Aschersleben,Sachsen-Anhalt,6449,Firefox,Email,/cart,cart
500709,38275,4,a2c957ac-47e2-488e-bd44-dd0213240d86,2024-03-19 10:56:25.103743 UTC,75.73.28.118,Aschersleben,Sachsen-Anhalt,6449,Other,Adwords,/cart,cart
405198,30885,3,bce000be-b156-467b-aba9-f504cced8709,2024-03-19 04:23:46.960345 UTC,118.152.113.132,Mouguerre,Nouvelle-Aquitaine,64990,Chrome,Facebook,/cart,cart
102831,7919,3,8e883147-b2c7-42fd-81c8-ef8d8ab061f4,2024-03-19 15:56:38.711044 UTC,20.174.143.133,Linyi,Yunnan,650051,Firefox,Adwords,/cart,cart
102838,7919,3,76efe976-4d02-4d14-977c-49bfb6529f03,2024-03-19 15:04:20.711044 UTC,82.49.72.2,Linyi,Yunnan,650051,Chrome,Adwords,/cart,cart
812692,62481,4,898fcb01-94ca-485e-8dda-d8fbad297e92,2024-03-19 03:14:54.000000 UTC,143.88.173.20,Daqing,Yunnan,650221,Safari,YouTube,/cart,cart
283443,21651,6,9c5b779b-764d-4669-8acd-a08af44f8b0d,2024-03-19 09:23:36.208313 UTC,187.181.105.200,Shanghai,Yunnan,650251,IE,Email,/cart,cart
283460,21651,3,3b2d8bde-d44d-48ef-895a-e7353e7e6a9b,2024-03-19 09:42:17.208313 UTC,113.191.224.116,Shanghai,Yunnan,650251,Chrome,Email,/cart,cart
1239496,94693,9,8081137a-5a31-40f7-8b1f-754f1352a67c,2024-03-19 09:24:17.870838 UTC,148.162.237.161,São Luís,Maranhão,65137-000,Firefox,Adwords,/cart,cart
1239480,94693,3,7abaef69-6982-4e16-8019-42b2e68a43de,2024-03-19 11:13:37.870838 UTC,175.138.125.27,São Luís,Maranhão,65137-000,Chrome,Email,/cart,cart
587898,45053,6,26b69987-be7e-482d-a65d-871f0710f792,2024-03-19 06:59:44.000000 UTC,56.106.196.37,Viana,Maranhão,65215-000,Firefox,Email,/cart,cart
491193,37523,4,f931001c-8e9f-46f8-ba2a-262129055b22,2024-03-19 04:37:14.354954 UTC,218.206.56.71,West Plains,Missouri,65775,Firefox,Facebook,/cart,cart
261867,19999,12,66538259-79ea-49fc-b793-5e20d76f0e35,2024-03-19 10:51:14.416755 UTC,211.235.139.87,Handan,Hebei,66699,Firefox,Facebook,/cart,cart
550971,42127,6,77e09ed0-996a-4f4a-81c2-e49f411ff119,2024-03-19 08:26:42.171793 UTC,199.174.80.85,High-sand city,Hyogo,676-0008,Chrome,Adwords,/cart,cart
186851,14246,9,1e35ea58-22ff-4a81-9e83-12e355c8f379,2024-03-19 01:29:15.537369 UTC,40.168.11.10,Żagań,Lubuskie,68,Other,YouTube,/cart,cart
880378,67596,3,05b09cdf-8c8c-49fd-a887-716aff58e5a5,2024-03-19 21:27:26.814572 UTC,44.102.140.84,Santarém,Pará,68025,Chrome,Adwords,/cart,cart
1281231,97904,12,2ab67b1d-022c-4c51-aa1d-33461f27dadc,2024-03-19 15:42:16.000000 UTC,91.98.156.210,Ulsan Metropolitan City,Ulsan Metropolitan City,683-390,Safari,Email,/cart,cart
1281228,97904,9,2ab67b1d-022c-4c51-aa1d-33461f27dadc,2024-03-19 15:39:14.000000 UTC,91.98.156.210,Ulsan Metropolitan City,Ulsan Metropolitan City,683-390,Safari,Email,/cart,cart
321461,24518,4,7e90558d-3ead-4d72-a899-001b2e65a61a,2024-03-19 11:51:26.838606 UTC,193.30.149.205,,Pará,68330-000,Chrome,YouTube,/cart,cart
1089876,83472,6,500211a1-3cdc-4f75-8363-64e1663f288a,2024-03-19 01:25:49.728342 UTC,113.147.223.64,Ulsan Metropolitan City,Ulsan Metropolitan City,689-900,Chrome,Email,/cart,cart
1211251,92575,4,a28d9516-f3ba-465c-9d04-e6693ff6261d,2024-03-19 17:07:40.651477 UTC,16.152.176.230,Macapá,Amapá,68900,Chrome,Email,/cart,cart
846622,65079,6,f2b8f25f-d69b-46c8-959e-2cc9a493acc9,2024-03-19 14:28:58.866873 UTC,167.72.3.93,Sena Madureira,Acre,69940-000,Other,Organic,/cart,cart
1113640,85265,4,946eb97a-7b9a-40c0-8570-39de74176348,2024-03-19 16:01:53.000000 UTC,223.199.145.117,Tarauacá,Acre,69970-000,Chrome,Adwords,/cart,cart
951070,72838,3,97f5de59-f383-439a-916e-71e42c78736f,2024-03-19 06:55:40.000000 UTC,136.236.177.50,Palma,Islas Baleares,7005,Chrome,Email,/cart,cart
951092,72838,12,95c576c1-d856-4f03-a63d-2a5c76cb54c8,2024-03-19 07:44:16.000000 UTC,106.109.196.57,Palma,Islas Baleares,7005,Chrome,Organic,/cart,cart
272645,20830,4,c2487df3-fd9b-4aba-873e-9e64bc4ebade,2024-03-19 09:47:46.585557 UTC,66.149.48.20,Daegu Metropolitan City,Daegu Metropolitan City,702-020,Chrome,Adwords,/cart,cart
254252,19437,3,54e31dbb-41d8-4523-ae1d-81adfab66d92,2024-03-19 15:48:47.855916 UTC,158.208.126.142,Daegu Metropolitan City,Daegu Metropolitan City,702-090,Firefox,Email,/cart,cart
254245,19437,3,c176f294-b936-45d3-95d7-2ed77f048021,2024-03-19 16:52:46.855916 UTC,217.136.87.139,Daegu Metropolitan City,Daegu Metropolitan City,702-090,Chrome,Email,/cart,cart
254255,19437,6,54e31dbb-41d8-4523-ae1d-81adfab66d92,2024-03-19 15:50:16.855916 UTC,158.208.126.142,Daegu Metropolitan City,Daegu Metropolitan City,702-090,Firefox,Email,/cart,cart
756163,58044,3,10199973-dda5-4a66-a4ca-f1b6f7bb2b26,2024-03-19 08:44:02.268163 UTC,154.90.31.130,Stuttgart,Baden-Württemberg,70378,Chrome,Adwords,/cart,cart
1115146,85376,6,654892fe-a8af-4982-b15b-3dadda38ec88,2024-03-19 17:06:38.250451 UTC,82.139.183.197,Parsippany-Troy Hills,New Jersey,7054,Chrome,Email,/cart,cart
208878,15903,3,a6997138-08b2-4aa3-a940-c35227d52ee2,2024-03-19 03:30:46.323494 UTC,62.43.50.109,Stuttgart,Baden-Württemberg,70599,Safari,YouTube,/cart,cart
440660,33631,3,d7802f52-4087-4923-83a6-835ac9b7c6af,2024-03-19 08:00:32.048798 UTC,122.20.244.160,Daegu Metropolitan City,Daegu Metropolitan City,706-040,Chrome,Email,/cart,cart
440685,33631,4,33cb8ee4-67f1-4169-9d33-0684fd46be4c,2024-03-19 10:47:31.048798 UTC,19.174.26.223,Daegu Metropolitan City,Daegu Metropolitan City,706-040,Chrome,Email,/cart,cart
646987,49530,3,a921e487-f5a7-498d-a320-aabcbd1f460e,2024-03-19 11:16:11.000000 UTC,89.202.43.128,Chengdu,Shaanxi,710100,Chrome,Email,/cart,cart
729199,55893,12,d475cbd1-4530-4de0-939b-78a6539c3e8e,2024-03-19 16:02:25.797837 UTC,181.138.36.84,Zhangzhou,Shaanxi,710118,Chrome,Email,/cart,cart
729203,55893,3,e631a0e5-42fd-4edb-829d-5e6f711eea54,2024-03-19 16:01:48.797837 UTC,170.155.181.121,Zhangzhou,Shaanxi,710118,Chrome,Facebook,/cart,cart
908882,69789,3,9f8daff3-9784-48dc-9fe9-c6d83b03d09d,2024-03-19 08:29:25.495470 UTC,183.197.197.109,Sassenay,Bourgogne-Franche-Comté,71530,Firefox,Adwords,/cart,cart
908862,69789,9,9016cf6c-0106-49bd-b5b4-e748a67f76ea,2024-03-19 08:43:58.495470 UTC,173.246.231.110,Sassenay,Bourgogne-Franche-Comté,71530,Safari,Email,/cart,cart
2275340,,3,9497ce78-f777-4fdf-9cf2-5da74eb1e65c,2024-03-19 18:09:00.000000 UTC,221.234.145.223,,Distrito Federal,72016-190,Chrome,Facebook,/cart,cart
112807,8637,6,7a1a6595-5528-4450-966f-c169d267976e,2024-03-19 09:44:03.000000 UTC,62.154.236.147,Beijing,Hebei,72352,Safari,Adwords,/cart,cart
112810,8637,9,7a1a6595-5528-4450-966f-c169d267976e,2024-03-19 09:47:02.000000 UTC,62.154.236.147,Beijing,Hebei,72352,Safari,Adwords,/cart,cart
112804,8637,3,7a1a6595-5528-4450-966f-c169d267976e,2024-03-19 09:38:56.000000 UTC,62.154.236.147,Beijing,Hebei,72352,Safari,Adwords,/cart,cart
633328,48474,4,75a9afae-8bbc-4dc9-9443-eca89da599dc,2024-03-19 01:22:09.000000 UTC,167.63.109.240,Launceston,Tasmania,7250,Firefox,Adwords,/cart,cart
823150,63292,3,4a483d3a-7c1d-42de-9b49-a48f76e04cb6,2024-03-19 15:18:27.684959 UTC,52.55.204.144,Santo Antônio do Descoberto,Goiás,72900-000,Chrome,Email,/cart,cart
823134,63292,6,de9ae459-b1e2-4c97-9850-05c1cc391f6c,2024-03-19 13:19:54.684959 UTC,53.53.186.246,Santo Antônio do Descoberto,Goiás,72900-000,Chrome,Email,/cart,cart
475954,36289,12,eabe1195-e329-4053-a02d-ee71ccb80357,2024-03-19 10:33:49.000000 UTC,81.99.66.225,Águas Lindas de Goiás,Goiás,72910-000,Chrome,Adwords,/cart,cart
475948,36289,6,eabe1195-e329-4053-a02d-ee71ccb80357,2024-03-19 10:25:30.000000 UTC,81.99.66.225,Águas Lindas de Goiás,Goiás,72910-000,Chrome,Adwords,/cart,cart
1134634,86764,9,38cfe993-f087-46a2-9e41-df0e46ff3dd3,2024-03-19 01:09:03.337205 UTC,85.93.196.85,Wenzhou,Gansu province,730060,Safari,Email,/cart,cart
1134608,86764,3,7f9ee89f-f008-4db6-959c-8a5abeede80b,2024-03-19 00:25:51.337205 UTC,107.167.97.108,Wenzhou,Gansu province,730060,IE,Email,/cart,cart
1134614,86764,9,7f9ee89f-f008-4db6-959c-8a5abeede80b,2024-03-19 00:32:33.337205 UTC,107.167.97.108,Wenzhou,Gansu province,730060,IE,Email,/cart,cart
75433,5796,6,8974de4b-7bfa-47f5-a4b3-bd3803405a6c,2024-03-19 01:59:37.000000 UTC,177.26.18.132,Jersey City,New Jersey,7305,Chrome,Adwords,/cart,cart
518110,39582,3,ec615395-c5da-4163-8931-801e4d6d83a2,2024-03-19 14:32:08.014201 UTC,120.99.70.171,呉 市,Hiroshima,737-0115,Chrome,Email,/cart,cart
942619,72195,3,49b02df4-bbc0-42d6-81ae-79c42312f4b4,2024-03-19 05:21:56.264827 UTC,31.113.46.139,Goiânia,Goiás,74175-120,Firefox,Adwords,/cart,cart
871715,66952,4,d78f07f5-e09f-4d79-b7ec-298e513fc649,2024-03-19 16:05:33.712772 UTC,7.170.43.55,Zhanjiang,Hebei,75100,Chrome,Email,/cart,cart
679335,52022,4,5d1b8744-c0b5-46a6-b423-8500a089a72c,2024-03-19 10:07:08.119947 UTC,216.100.190.220,Wenzhou,Hebei,75717,Chrome,YouTube,/cart,cart
477301,36402,4,656833b0-dafd-4136-8025-b2c71af5e7e2,2024-03-19 06:14:51.554539 UTC,132.86.21.182,Porangatu,Goiás,76550-000,Chrome,Email,/cart,cart
257841,19710,6,a549fcff-d1a8-489d-ba0a-c39083b3573b,2024-03-19 15:59:14.000000 UTC,67.123.134.187,League City,Texas,77573,Chrome,Email,/cart,cart
1015339,77791,3,e902c867-9846-45f3-b6f3-1221d9210cf4,2024-03-19 06:26:06.103620 UTC,52.192.59.68,San Antonio,Texas,78201,Safari,Adwords,/cart,cart
321897,24544,6,037b2b17-b9df-4800-a5a8-101d4cb096dd,2024-03-19 06:32:09.000000 UTC,7.43.171.25,Sinop,Mato Grosso,78553,Chrome,Facebook,/cart,cart
1285014,98160,4,fbf5d0e3-3202-45d2-819f-a6718463d78c,2024-03-19 05:09:27.000000 UTC,151.200.119.22,Garfield,Texas,78617,Chrome,Adwords,/cart,cart
372372,28290,3,4b9df554-3cb7-420f-9163-791e3d2584f0,2024-03-19 16:35:15.250984 UTC,72.124.9.153,Round Rock,Texas,78681,Safari,YouTube,/cart,cart
411848,31376,4,fde1dcc0-15a6-4a80-b1bf-93b39a244e03,2024-03-19 03:46:56.658482 UTC,203.4.132.157,Pohang City,Gyeongsangbuk-do,790-900,Firefox,Adwords,/cart,cart
312401,23831,3,d24e800f-a081-4b91-b9bc-c41148668ad2,2024-03-19 09:52:21.659199 UTC,66.218.175.173,Fürstenfeldbruck,Bayern,82256,Chrome,YouTube,/cart,cart
312427,23831,9,f3333f38-7807-4277-85cd-df8368137537,2024-03-19 09:49:42.659199 UTC,104.104.61.118,Fürstenfeldbruck,Bayern,82256,Firefox,YouTube,/cart,cart
439587,33558,6,75e919a1-c313-48ea-b943-754e0823ef7b,2024-03-19 06:18:24.239808 UTC,108.253.233.2,Weifang,Xinjiang Uygur Autonomous Region,830099,Firefox,YouTube,/cart,cart
439577,33558,3,9e61a728-b2fb-4d7c-ba43-f10c3976bbdf,2024-03-19 04:44:42.239808 UTC,216.5.160.164,Weifang,Xinjiang Uygur Autonomous Region,830099,Chrome,Adwords,/cart,cart
831588,63977,3,e7b463df-1155-4550-aca9-ac39e121673b,2024-03-19 04:21:13.238425 UTC,141.122.166.94,Weifang,Xinjiang Uygur Autonomous Region,830099,Firefox,Adwords,/cart,cart
54582,4176,6,6b06092c-5f8f-4104-a373-a54aac402de9,2024-03-19 11:44:17.412492 UTC,21.44.51.58,Colombo,Paraná,83404-000,Chrome,YouTube,/cart,cart
54579,4176,3,6b06092c-5f8f-4104-a373-a54aac402de9,2024-03-19 11:40:58.412492 UTC,21.44.51.58,Colombo,Paraná,83404-000,Chrome,YouTube,/cart,cart
518971,39647,3,87f0ec9c-de5f-46f7-9cc0-708fcd6a0d68,2024-03-19 12:01:41.000000 UTC,176.215.229.243,Boise,Idaho,83704,Chrome,Adwords,/cart,cart
468271,35712,4,3c56f4c8-4caf-4380-9feb-03c5a6fb9dca,2024-03-19 07:59:48.000000 UTC,187.23.89.27,Middelkerke,Flanders,8433,Other,Email,/cart,cart
1167124,89186,9,e7992bf5-ba2f-4667-b930-5b4bb18aa4ca,2024-03-19 18:36:55.626578 UTC,31.107.193.166,Ingolstadt,Bayern,85051,Firefox,Email,/cart,cart
1167114,89186,12,c0e0d811-c415-4c88-a73b-885a3a470c97,2024-03-19 16:15:17.626578 UTC,5.196.26.172,Ingolstadt,Bayern,85051,Safari,Email,/cart,cart
913481,70118,3,4158608b-4d74-4508-a9ee-94e5a6fff88a,2024-03-19 20:29:26.000000 UTC,1.68.173.168,Mesa,Arizona,85213,Chrome,Adwords,/cart,cart
745972,57260,4,8dde42af-765f-4739-bc75-b1ed67262147,2024-03-19 15:06:09.000473 UTC,207.217.202.116,Überlingen,Baden-Württemberg,88662,Chrome,Email,/cart,cart
1211630,92610,9,c8b89333-6484-46c4-a02d-564a4444c8b7,2024-03-19 07:53:46.936165 UTC,65.221.115.255,La Habra,California,90631,Firefox,Email,/cart,cart
661968,50697,4,2501296a-e00c-4b8f-b1ac-9b0cfb42ea36,2024-03-19 14:59:37.922524 UTC,21.72.125.7,Arcadia,California,91006,Chrome,Email,/cart,cart
1075398,82344,9,082848d0-55d3-435d-a38e-5bb5f2664ea6,2024-03-19 13:55:04.402534 UTC,55.138.249.95,San Diego,California,92139,Safari,Email,/cart,cart
1075392,82344,3,082848d0-55d3-435d-a38e-5bb5f2664ea6,2024-03-19 13:44:41.402534 UTC,55.138.249.95,San Diego,California,92139,Safari,Email,/cart,cart
283862,21683,4,67ea4f73-8e2c-4d6c-94c1-8484918d980f,2024-03-19 04:04:38.422039 UTC,197.241.73.196,Clamart,Île-de-France,92140,Safari,YouTube,/cart,cart
386345,29386,4,13b46438-f598-4ac9-acfa-28239a70df93,2024-03-19 06:54:29.663098 UTC,100.2.172.43,Laguna Niguel,California,92677,Chrome,Facebook,/cart,cart
386340,29386,4,714d36c7-03b8-4a63-8f2d-ef47fb892003,2024-03-19 08:55:25.663098 UTC,54.73.171.210,Laguna Niguel,California,92677,Safari,Email,/cart,cart
15372,1116,6,5f69ff0f-9598-46ec-a883-5654f6d45e40,2024-03-19 07:16:21.000000 UTC,9.209.229.22,Mission Viejo,California,92691,Chrome,Email,/cart,cart
15369,1116,3,5f69ff0f-9598-46ec-a883-5654f6d45e40,2024-03-19 07:10:27.000000 UTC,9.209.229.22,Mission Viejo,California,92691,Chrome,Email,/cart,cart
693584,53135,9,f5f0cf3b-7e5b-4c05-b246-ec0c05062c6a,2024-03-19 23:06:47.000000 UTC,40.136.53.156,Orange,California,92867,Other,Adwords,/cart,cart
35286,2673,6,bdf82360-8240-4275-a650-da9cdc63fc97,2024-03-19 02:56:26.000000 UTC,221.220.87.178,Santa Paula,California,93060,Firefox,Adwords,/cart,cart
27731,2088,12,f726989c-3917-4255-9e7c-df9651c35473,2024-03-19 00:48:58.000000 UTC,204.49.229.114,Goleta,California,93117,Firefox,Email,/cart,cart
27744,2088,12,5f319fbb-8956-4255-a595-da018a632c47,2024-03-19 00:39:17.000000 UTC,148.141.194.75,Goleta,California,93117,Safari,Email,/cart,cart
412254,31406,4,b2996ec4-1fd2-41fe-9e7c-e42ddc8d7aa5,2024-03-19 06:17:08.000000 UTC,27.192.226.120,Romainville,Île-de-France,93230,Firefox,Adwords,/cart,cart
282459,21563,3,d24b430f-fd3b-423f-8630-0b2af671fed8,2024-03-19 15:27:16.892558 UTC,48.58.150.132,Bear Valley Springs,California,93561,Other,YouTube,/cart,cart
282445,21563,9,f4b6a7a5-ff50-476b-9d50-f08f9425ca76,2024-03-19 18:01:18.892558 UTC,178.35.113.105,Bear Valley Springs,California,93561,Chrome,Email,/cart,cart
449433,34302,6,6fc820e8-0530-4b7b-b2d4-4d9041e4231e,2024-03-19 17:12:42.736967 UTC,88.203.19.26,San Francisco,California,94115,Chrome,Adwords,/cart,cart
449436,34302,9,6fc820e8-0530-4b7b-b2d4-4d9041e4231e,2024-03-19 17:19:52.736967 UTC,88.203.19.26,San Francisco,California,94115,Chrome,Adwords,/cart,cart
1172623,89593,3,c0d6693a-a190-4083-b1cf-6b7f53ec052a,2024-03-19 07:27:24.614478 UTC,110.134.165.150,Argenteuil,Île-de-France,95100,Chrome,Email,/cart,cart
595339,45636,12,8964045c-1ef8-41c3-9ab0-3217f9c19434,2024-03-19 12:05:32.048942 UTC,173.122.183.61,Occidental,California,95472,Chrome,Adwords,/cart,cart
1227899,93841,6,d07465d9-b7b3-449f-96d2-9abbf209431c,2024-03-19 00:12:35.126313 UTC,87.78.54.175,Eaubonne,Île-de-France,95600,Firefox,Adwords,/cart,cart
1227850,93841,3,0fb047da-4140-4a1d-a183-653a9a4b9a2c,2024-03-19 00:54:03.126313 UTC,111.66.16.19,Eaubonne,Île-de-France,95600,Chrome,Adwords,/cart,cart
109445,8396,3,b8f52676-5400-49d4-86b7-164322217639,2024-03-19 00:16:37.000000 UTC,44.139.172.4,Gramado,Rio Grande do Sul,95670-000,Chrome,Email,/cart,cart
400244,30506,6,cd6f9393-3877-4440-95df-ba975e73e193,2024-03-19 04:49:50.419430 UTC,211.74.22.231,Honolulu,Hawaii,96817,Firefox,Email,/cart,cart
1037530,79538,6,0de007aa-079a-45f7-b81c-27889b5413ac,2024-03-19 21:00:25.000000 UTC,213.57.104.238,Springfield,Oregon,97477,Chrome,Email,/cart,cart
649087,49694,9,80564149-fed2-4d55-a59b-4e16c11eeba8,2024-03-19 11:01:44.000000 UTC,108.144.104.212,Downpatrick,Northern Ireland,BT30,Firefox,Email,/cart,cart
649129,49694,12,22f206c1-b25c-477f-ae01-609cd0d75779,2024-03-19 11:16:56.000000 UTC,73.70.99.10,Downpatrick,Northern Ireland,BT30,Safari,Adwords,/cart,cart
700647,53656,9,29f3cd53-8c28-4c82-98bf-7022b45e7fac,2024-03-19 15:30:38.000000 UTC,91.166.16.35,Royal Leamington Spa,England,CV32,Safari,Email,/cart,cart
863267,66300,12,bee455d5-d0eb-4c8d-bb86-6733eca0f9a5,2024-03-19 10:21:04.970585 UTC,45.94.52.178,Newcastle upon Tyne,England,NE2,Firefox,Email,/cart,cart
811169,62380,6,8b5d4a32-be8e-4c70-a69f-0cb08784f4bd,2024-03-19 02:48:26.000000 UTC,117.245.216.85,Sutton-in-Ashfield,England,NG17,Chrome,Email,/cart,cart
1111024,85065,6,5bafdd59-4b87-4878-8e56-ac4f34fc0662,2024-03-19 10:13:13.000000 UTC,141.56.198.246,Launton,England,OX26,Chrome,Email,/cart,cart
579869,44429,12,3ddf97e5-74f7-42d6-8635-32bad25f617c,2024-03-19 07:47:40.474545 UTC,43.107.88.206,Godmanchester,England,PE29,Chrome,YouTube,/cart,cart
579860,44429,3,3ddf97e5-74f7-42d6-8635-32bad25f617c,2024-03-19 07:31:02.474545 UTC,43.107.88.206,Godmanchester,England,PE29,Chrome,YouTube,/cart,cart
579834,44429,3,87fe6f4d-cd21-4f68-9014-121e68e6d54b,2024-03-19 06:23:39.474545 UTC,16.112.81.19,Godmanchester,England,PE29,Chrome,Email,/cart,cart
579847,44429,3,4e4d5e56-1a88-4a2f-b9ff-09fdfcd3b1c8,2024-03-19 07:55:40.474545 UTC,137.37.139.89,Godmanchester,England,PE29,Other,Email,/cart,cart
941094,72072,3,e1de5b3d-485d-4292-941c-611af615fdb1,2024-03-19 02:43:41.000000 UTC,219.165.85.190,Hambledon,England,PO7,Safari,Adwords,/cart,cart
187713,14288,6,a1d73bf5-bb15-407a-8f66-f2f0107b1827,2024-03-19 05:04:02.000000 UTC,146.40.253.53,Weston,England,SG4,Chrome,Facebook,/cart,cart
140034,10643,4,b0c27290-6393-4043-b3a8-09b7ffd5d8d0,2024-03-19 06:05:39.000000 UTC,180.3.70.136,São Paulo,São Paulo,02675-031,Firefox,Email,/department/men/category/underwear/brand/emporioarmani,department
140041,10643,1,6e0daca4-a622-43ea-94aa-ac77e5520dbf,2024-03-19 06:05:32.000000 UTC,173.58.126.138,São Paulo,São Paulo,02675-031,Firefox,Email,/department/men/category/jeans/brand/lee,department
870763,66865,10,d3753a41-1f5f-4e4b-b388-c76602644e13,2024-03-19 09:02:19.472140 UTC,115.153.125.21,Caieiras,São Paulo,07700-000,Firefox,Email,/department/men/category/suits&sportcoats/brand/tommyhilfiger,department
870741,66865,1,5f4f29ec-7aeb-4020-b5c3-06265b410661,2024-03-19 08:55:32.472140 UTC,36.6.247.40,Caieiras,São Paulo,07700-000,IE,Email,/department/men/category/swim/brand/o'neill,department
870767,66865,1,2f81ddce-aeef-42ef-969c-48749c8e9db2,2024-03-19 10:21:11.472140 UTC,151.65.83.114,Caieiras,São Paulo,07700-000,Safari,Adwords,/department/men/category/active/brand/champion,department
1018012,77998,2,86062b46-f1a2-4c30-9add-0dc24bfdc0a9,2024-03-19 06:15:35.730595 UTC,48.156.119.5,NanNing,Beijing,100043,Firefox,Email,/department/women/category/sleep&lounge/brand/tommyhilfiger,department
1231014,94051,1,51eaac3b-6535-4c25-8cc7-7d97093f7252,2024-03-19 06:44:07.982472 UTC,20.226.135.163,Shanghai,Beijing,100081,Chrome,Email,/department/women/category/intimates/brand/flexees,department
1231020,94051,7,51eaac3b-6535-4c25-8cc7-7d97093f7252,2024-03-19 06:52:54.982472 UTC,20.226.135.163,Shanghai,Beijing,100081,Chrome,Email,/department/women/category/intimates/brand/flexees,department
286342,21879,4,e9f1343c-b15f-414c-822e-7682ed5e80af,2024-03-19 04:27:10.886510 UTC,104.225.37.254,Beijing,Beijing,100141,Chrome,Facebook,/department/women/category/swim/brand/corona,department
1306581,99890,4,c6a17035-66b9-4a9b-9125-84136f3a6a8f,2024-03-19 08:13:53.000000 UTC,89.55.100.250,New York,New York,10461,Chrome,Adwords,/department/women/category/outerwear&coats/brand/oakley,department
1112419,85165,1,4387f6d4-3e18-4207-b251-04327b37e651,2024-03-19 14:01:11.634867 UTC,17.242.251.152,New York,New York,11370,Other,Organic,/department/men/category/jeans/brand/wrangler,department
1047931,80312,2,d8067aa9-dd28-46c4-8e12-bfa693f5cb87,2024-03-19 01:45:49.942237 UTC,210.174.147.126,Putian,Liaoning,115022,Firefox,Email,/department/men/category/pants/brand/ballin,department
541777,41343,2,4357588b-b299-41d5-a704-d712f48479a6,2024-03-19 04:54:37.584554 UTC,10.36.21.92,Centereach,New York,11720,Chrome,YouTube,/department/women/category/pants&capris/brand/jonesnewyork,department
969425,74264,7,99b41304-d9ad-4f56-aa62-50963115d70b,2024-03-19 09:17:08.000000 UTC,131.195.243.19,Seoul,Seoul,122-030,Chrome,Email,/department/men/category/sweaters/brand/michaelkors,department
953870,73047,4,484f2b0f-0faa-4813-99f3-8c6adbe2ebb4,2024-03-19 09:15:35.478627 UTC,74.158.148.202,Dongguan,Liaoning,122099,Chrome,Email,/department/men/category/sweaters/brand/skedouche,department
