order_id,user_id,status,created_at,returned_at,shipped_at,delivered_at,num_of_item
81130,64915,Shipped,2024-06-01 10:12:00 UTC,,2024-06-01 19:01:00 UTC,,1
27509,21964,Shipped,2024-05-31 18:01:00 UTC,,2024-06-03 13:25:00 UTC,,1
27525,21978,Shipped,2024-06-01 10:52:00 UTC,,2024-06-01 19:11:00 UTC,,1
119179,95389,Shipped,2024-05-31 03:32:00 UTC,,2024-06-02 14:18:00 UTC,,1
20207,16103,Shipped,2024-05-31 10:16:00 UTC,,2024-06-01 15:50:00 UTC,,1
36290,28980,Shipped,2024-05-31 06:52:00 UTC,,2024-06-03 00:41:00 UTC,,1
59991,47933,Shipped,2024-06-01 11:49:00 UTC,,2024-06-04 04:59:00 UTC,,1
86677,69306,Shipped,2024-05-31 04:00:00 UTC,,2024-06-02 19:45:00 UTC,,1
96484,77236,Shipped,2024-05-31 07:03:00 UTC,,2024-06-03 05:01:00 UTC,,1
117056,93716,Shipped,2024-05-31 02:03:00 UTC,,2024-06-02 05:46:00 UTC,,1
21726,17335,Shipped,2024-06-01 09:41:00 UTC,,2024-06-01 23:42:00 UTC,,1
119752,95842,Shipped,2024-06-01 13:13:00 UTC,,2024-06-02 02:22:00 UTC,,1
31877,25469,Shipped,2024-06-01 03:43:00 UTC,,2024-06-03 03:17:00 UTC,,1
38643,30906,Shipped,2024-05-31 08:02:00 UTC,,2024-06-02 10:48:00 UTC,,1
90285,72220,Shipped,2024-05-31 05:13:00 UTC,,2024-06-02 17:52:00 UTC,,1
17431,13858,Shipped,2024-06-01 15:32:00 UTC,,2024-06-03 02:28:00 UTC,,1
123809,99087,Shipped,2024-06-01 16:49:00 UTC,,2024-06-01 18:45:00 UTC,,1
68581,54795,Shipped,2024-05-31 18:31:00 UTC,,2024-06-02 02:42:00 UTC,,1
163,137,Shipped,2024-06-01 12:38:00 UTC,,2024-06-01 13:19:00 UTC,,1
16062,12747,Shipped,2024-06-01 08:41:00 UTC,,2024-06-01 15:20:00 UTC,,1
12536,9932,Shipped,2024-05-31 13:54:00 UTC,,2024-06-01 15:53:00 UTC,,1
25793,20603,Shipped,2024-05-31 02:21:00 UTC,,2024-06-01 23:12:00 UTC,,1
85232,68176,Shipped,2024-05-31 00:17:00 UTC,,2024-06-02 23:31:00 UTC,,1
97399,77950,Shipped,2024-06-01 15:37:00 UTC,,2024-06-02 11:19:00 UTC,,1
19631,15630,Shipped,2024-05-31 02:56:00 UTC,,2024-06-01 01:55:00 UTC,,1
23851,19025,Shipped,2024-06-01 18:29:00 UTC,,2024-06-02 02:30:00 UTC,,1
45461,36370,Shipped,2024-06-01 08:48:00 UTC,,2024-06-03 17:40:00 UTC,,1
82661,66146,Shipped,2024-06-01 10:58:00 UTC,,2024-06-03 01:25:00 UTC,,1
45798,36628,Shipped,2024-05-31 05:50:00 UTC,,2024-06-02 07:37:00 UTC,,1
108706,86957,Shipped,2024-06-01 18:58:08.121699 UTC,,2024-06-03 01:33:08.121699 UTC,,1
19563,15579,Shipped,2024-05-31 12:13:00 UTC,,2024-06-01 18:15:00 UTC,,1
97721,78203,Shipped,2024-06-01 01:21:00 UTC,,2024-06-02 12:43:00 UTC,,1
105295,84256,Shipped,2024-06-01 07:03:00 UTC,,2024-06-03 03:56:00 UTC,,1
17739,14102,Shipped,2024-06-01 03:47:00 UTC,,2024-06-01 13:08:00 UTC,,1
62155,49651,Shipped,2024-05-31 13:48:00 UTC,,2024-06-02 09:11:00 UTC,,1
64554,51607,Shipped,2024-05-31 00:09:00 UTC,,2024-06-01 10:07:00 UTC,,1
90495,72374,Shipped,2024-05-31 15:25:00 UTC,,2024-06-02 02:51:00 UTC,,1
39010,31195,Shipped,2024-05-31 17:20:00 UTC,,2024-05-31 21:49:00 UTC,,1
71659,57282,Shipped,2024-06-01 06:23:00 UTC,,2024-06-03 04:13:00 UTC,,1
117515,94086,Shipped,2024-06-01 18:56:45.554157 UTC,,2024-06-02 20:23:45.554157 UTC,,1
124436,99624,Shipped,2024-06-01 00:14:00 UTC,,2024-06-02 04:02:00 UTC,,1
6518,5111,Shipped,2024-06-01 10:19:00 UTC,,2024-06-02 21:05:00 UTC,,1
107376,85878,Shipped,2024-06-01 13:27:00 UTC,,2024-06-02 03:28:00 UTC,,1
8624,6805,Shipped,2024-06-01 09:36:00 UTC,,2024-06-03 01:39:00 UTC,,1
30182,24126,Shipped,2024-06-01 00:51:00 UTC,,2024-06-03 11:24:00 UTC,,1
35808,28610,Shipped,2024-06-01 01:41:00 UTC,,2024-06-01 08:59:00 UTC,,1
53263,42561,Shipped,2024-06-01 05:47:00 UTC,,2024-06-01 07:40:00 UTC,,1
57861,46242,Shipped,2024-05-31 09:02:00 UTC,,2024-06-03 05:59:00 UTC,,1
105872,84723,Shipped,2024-06-01 01:29:00 UTC,,2024-06-03 02:17:00 UTC,,1
107240,85772,Shipped,2024-05-31 14:17:00 UTC,,2024-06-03 00:02:00 UTC,,1
111464,89144,Shipped,2024-06-01 04:30:00 UTC,,2024-06-01 04:30:00 UTC,,1
90891,72716,Shipped,2024-05-31 05:35:00 UTC,,2024-05-31 06:33:00 UTC,,1
50018,39993,Shipped,2024-06-01 03:57:00 UTC,,2024-06-02 10:01:00 UTC,,1
90538,72398,Shipped,2024-06-01 05:26:39.630629 UTC,,2024-06-02 02:55:39.630629 UTC,,1
96272,77068,Shipped,2024-05-31 07:21:00 UTC,,2024-06-01 11:10:00 UTC,,1
63540,50779,Shipped,2024-05-31 10:34:00 UTC,,2024-06-02 17:36:00 UTC,,1
66159,52877,Shipped,2024-06-01 00:15:00 UTC,,2024-06-03 22:28:00 UTC,,1
30865,24659,Shipped,2024-06-01 07:47:00 UTC,,2024-06-02 14:23:00 UTC,,1
74997,60035,Shipped,2024-05-31 11:59:00 UTC,,2024-06-01 02:23:00 UTC,,1
82829,66263,Shipped,2024-05-31 12:20:00 UTC,,2024-05-31 23:40:00 UTC,,1
2910,2301,Shipped,2024-06-01 13:18:00 UTC,,2024-06-01 21:23:00 UTC,,1
39522,31619,Shipped,2024-05-31 18:34:00 UTC,,2024-06-03 06:32:00 UTC,,1
122392,97974,Shipped,2024-05-31 06:51:00 UTC,,2024-06-03 02:09:00 UTC,,1
49617,39649,Shipped,2024-05-31 07:31:00 UTC,,2024-06-01 16:15:00 UTC,,1
65635,52469,Shipped,2024-06-01 06:30:58.301061 UTC,,2024-06-01 17:46:58.301061 UTC,,1
100403,80326,Shipped,2024-06-01 11:58:00 UTC,,2024-06-03 23:57:00 UTC,,1
108503,86794,Shipped,2024-06-01 14:14:03.088831 UTC,,2024-06-02 21:33:03.088831 UTC,,1
111192,88906,Shipped,2024-06-01 16:37:00 UTC,,2024-06-02 09:07:00 UTC,,1
106726,85398,Shipped,2024-06-01 01:01:00 UTC,,2024-06-03 07:47:00 UTC,,1
5046,3970,Shipped,2024-06-01 08:04:26.659598 UTC,,2024-06-03 04:54:26.659598 UTC,,1
96023,76842,Shipped,2024-06-01 06:39:00 UTC,,2024-06-03 18:10:00 UTC,,1
53719,42909,Shipped,2024-06-01 11:03:00 UTC,,2024-06-02 07:48:00 UTC,,1
79072,63235,Shipped,2024-06-01 12:56:00 UTC,,2024-06-03 20:05:00 UTC,,1
99384,79510,Shipped,2024-06-01 06:16:00 UTC,,2024-06-01 21:17:00 UTC,,1
57647,46075,Shipped,2024-06-01 13:49:51.556023 UTC,,2024-06-02 14:27:51.556023 UTC,,1
29719,23739,Shipped,2024-05-31 01:25:00 UTC,,2024-06-02 18:12:00 UTC,,1
103932,83141,Shipped,2024-06-01 03:58:00 UTC,,2024-06-03 08:10:00 UTC,,1
59252,47336,Shipped,2024-05-31 14:18:00 UTC,,2024-05-31 20:21:00 UTC,,1
107233,85768,Shipped,2024-06-01 12:12:00 UTC,,2024-06-04 09:11:00 UTC,,1
98433,78734,Shipped,2024-05-31 01:13:00 UTC,,2024-06-02 00:56:00 UTC,,1
14859,11799,Shipped,2024-05-31 09:16:00 UTC,,2024-05-31 22:14:00 UTC,,1
15939,12652,Shipped,2024-06-01 00:17:44.604663 UTC,,2024-06-03 22:01:44.604663 UTC,,1
110746,88540,Shipped,2024-05-31 07:15:00 UTC,,2024-06-02 20:47:00 UTC,,1
16221,12870,Shipped,2024-06-01 13:56:50.91367 UTC,,2024-06-02 19:51:50.91367 UTC,,1
82599,66097,Shipped,2024-05-31 02:14:00 UTC,,2024-06-01 07:37:00 UTC,,1
32372,25863,Shipped,2024-05-31 12:09:00 UTC,,2024-06-01 20:46:00 UTC,,1
85274,68203,Shipped,2024-06-01 16:38:00 UTC,,2024-06-02 16:30:00 UTC,,1
100522,80412,Shipped,2024-06-01 18:08:00 UTC,,2024-06-04 13:02:00 UTC,,1
21496,17134,Shipped,2024-05-31 03:14:00 UTC,,2024-06-01 03:37:00 UTC,,1
89931,71949,Shipped,2024-05-31 02:33:00 UTC,,2024-06-01 03:14:00 UTC,,1
44133,35305,Shipped,2024-06-01 07:03:00 UTC,,2024-06-02 10:29:00 UTC,,1
85088,68064,Shipped,2024-05-31 05:34:00 UTC,,2024-06-02 01:42:00 UTC,,1
56233,44909,Shipped,2024-06-01 03:19:00 UTC,,2024-06-03 08:15:00 UTC,,1
96419,77188,Shipped,2024-05-31 00:51:00 UTC,,2024-06-02 04:17:00 UTC,,1
119303,95487,Shipped,2024-05-31 16:47:00 UTC,,2024-06-01 13:55:00 UTC,,1
78606,62838,Shipped,2024-05-31 17:03:00 UTC,,2024-06-01 14:58:00 UTC,,1
101089,80821,Shipped,2024-06-01 11:38:00 UTC,,2024-06-02 01:30:00 UTC,,1
81365,65105,Shipped,2024-06-01 02:15:00 UTC,,2024-06-03 00:27:00 UTC,,1
37404,29901,Shipped,2024-06-01 08:57:00 UTC,,2024-06-02 01:57:00 UTC,,1
101462,81122,Shipped,2024-05-31 12:01:00 UTC,,2024-05-31 17:57:00 UTC,,1
69040,55170,Shipped,2024-06-01 02:26:00 UTC,,2024-06-03 05:33:00 UTC,,1
111983,89551,Shipped,2024-06-01 11:41:00 UTC,,2024-06-02 06:29:00 UTC,,1
91052,72844,Shipped,2024-06-01 12:05:52.46919 UTC,,2024-06-03 10:12:52.46919 UTC,,1
91286,73056,Shipped,2024-05-31 12:35:00 UTC,,2024-06-02 04:00:00 UTC,,1
101366,81049,Shipped,2024-05-31 15:11:00 UTC,,2024-06-03 06:56:00 UTC,,1
123796,99082,Shipped,2024-06-01 03:34:00 UTC,,2024-06-02 15:54:00 UTC,,1
16101,12778,Shipped,2024-05-31 14:19:00 UTC,,2024-06-03 09:37:00 UTC,,1
69915,55880,Shipped,2024-05-31 07:42:00 UTC,,2024-06-02 04:05:00 UTC,,1
87702,70140,Shipped,2024-06-01 17:50:00 UTC,,2024-06-03 19:20:00 UTC,,1
6389,5013,Shipped,2024-06-01 18:34:00 UTC,,2024-06-04 08:36:00 UTC,,1
26151,20915,Shipped,2024-06-01 02:50:00 UTC,,2024-06-02 06:42:00 UTC,,1
1807,1414,Shipped,2024-06-01 18:54:09.548687 UTC,,2024-06-01 22:28:09.548687 UTC,,1
16222,12870,Shipped,2024-06-01 13:56:50.91367 UTC,,2024-06-01 17:06:50.91367 UTC,,1
111798,89401,Shipped,2024-05-31 18:13:00 UTC,,2024-06-02 22:36:00 UTC,,1
28084,22418,Shipped,2024-05-31 05:02:00 UTC,,2024-06-01 19:50:00 UTC,,1
32733,26168,Shipped,2024-05-31 04:50:00 UTC,,2024-06-01 20:11:00 UTC,,1
78363,62655,Shipped,2024-05-31 12:24:00 UTC,,2024-06-02 23:57:00 UTC,,1
94778,75862,Shipped,2024-06-01 15:31:00 UTC,,2024-06-03 17:07:00 UTC,,1
105457,84388,Shipped,2024-06-01 16:01:00 UTC,,2024-06-02 06:04:00 UTC,,1
45910,36735,Shipped,2024-06-01 10:04:00 UTC,,2024-06-03 12:35:00 UTC,,1
24283,19356,Shipped,2024-06-01 05:17:00 UTC,,2024-06-03 00:36:00 UTC,,1
42891,34362,Shipped,2024-06-01 02:00:49.787468 UTC,,2024-06-01 23:19:49.787468 UTC,,1
85079,68057,Shipped,2024-05-31 08:37:00 UTC,,2024-05-31 09:26:00 UTC,,1
104816,83849,Shipped,2024-06-01 05:12:00 UTC,,2024-06-02 13:37:00 UTC,,1
110633,88459,Shipped,2024-06-01 14:25:00 UTC,,2024-06-03 01:24:00 UTC,,1
40711,32593,Shipped,2024-06-01 07:57:00 UTC,,2024-06-03 04:42:00 UTC,,1
90528,72393,Shipped,2024-06-01 16:59:00 UTC,,2024-06-01 22:13:00 UTC,,1
100054,80057,Shipped,2024-05-31 00:29:00 UTC,,2024-06-01 14:08:00 UTC,,1
103269,82580,Shipped,2024-06-01 09:32:00 UTC,,2024-06-04 05:21:00 UTC,,1
26182,20930,Shipped,2024-05-31 12:57:00 UTC,,2024-05-31 22:15:00 UTC,,1
30657,24502,Shipped,2024-06-01 12:44:00 UTC,,2024-06-03 16:19:00 UTC,,1
80777,64620,Shipped,2024-06-01 18:19:53.824183 UTC,,2024-06-03 20:11:53.824183 UTC,,1
96707,77416,Shipped,2024-06-01 06:28:05.366481 UTC,,2024-06-02 14:34:05.366481 UTC,,1
43062,34491,Shipped,2024-05-31 17:52:00 UTC,,2024-06-02 08:15:00 UTC,,1
92798,74310,Shipped,2024-06-01 03:48:00 UTC,,2024-06-01 11:16:00 UTC,,1
102338,81854,Shipped,2024-06-01 16:06:00 UTC,,2024-06-04 05:44:00 UTC,,1
57338,45821,Shipped,2024-05-31 06:10:00 UTC,,2024-06-01 06:26:00 UTC,,1
74841,59899,Shipped,2024-06-01 18:01:35.273003 UTC,,2024-06-03 00:09:35.273003 UTC,,1
101208,80924,Shipped,2024-06-01 13:58:00 UTC,,2024-06-02 10:14:00 UTC,,1
23247,18544,Shipped,2024-05-31 17:26:00 UTC,,2024-06-03 00:29:00 UTC,,1
56177,44857,Shipped,2024-05-31 07:03:00 UTC,,2024-06-01 14:37:00 UTC,,1
34972,27962,Shipped,2024-06-01 01:18:37.589047 UTC,,2024-06-01 19:27:37.589047 UTC,,1
46039,36837,Shipped,2024-05-31 09:27:00 UTC,,2024-06-01 07:41:00 UTC,,1
77005,61603,Shipped,2024-06-01 04:31:25.324684 UTC,,2024-06-03 05:47:25.324684 UTC,,1
16316,12950,Shipped,2024-05-31 00:37:00 UTC,,2024-06-02 08:02:00 UTC,,1
20531,16367,Shipped,2024-05-31 05:41:00 UTC,,2024-06-02 21:59:00 UTC,,1
45512,36418,Shipped,2024-06-01 10:48:00 UTC,,2024-06-01 15:29:00 UTC,,1
81324,65074,Shipped,2024-05-31 18:50:00 UTC,,2024-06-02 13:47:00 UTC,,1
14771,11735,Shipped,2024-06-01 06:24:00 UTC,,2024-06-03 07:03:00 UTC,,1
46928,37534,Shipped,2024-06-01 04:42:00 UTC,,2024-06-03 20:53:00 UTC,,1
100526,80413,Shipped,2024-06-01 19:24:42.985731 UTC,,2024-06-02 06:22:42.985731 UTC,,1
110894,88655,Shipped,2024-05-31 16:39:00 UTC,,2024-06-02 21:45:00 UTC,,1
9821,7748,Shipped,2024-05-31 09:11:00 UTC,,2024-06-01 19:47:00 UTC,,1
81211,64976,Shipped,2024-05-31 07:38:00 UTC,,2024-06-02 09:31:00 UTC,,1
6574,5161,Shipped,2024-06-01 17:35:00 UTC,,2024-06-02 04:46:00 UTC,,1
37039,29581,Shipped,2024-06-01 03:18:00 UTC,,2024-06-03 14:39:00 UTC,,1
106535,85236,Shipped,2024-05-31 13:16:00 UTC,,2024-06-02 23:20:00 UTC,,1
65583,52430,Shipped,2024-05-31 15:00:00 UTC,,2024-06-02 20:20:00 UTC,,1
87356,69881,Shipped,2024-06-01 13:29:00 UTC,,2024-06-04 03:01:00 UTC,,1
82156,65743,Shipped,2024-05-31 13:13:00 UTC,,2024-06-01 06:41:00 UTC,,1
68650,54844,Shipped,2024-05-31 08:08:00 UTC,,2024-06-02 16:55:00 UTC,,1
114652,91797,Shipped,2024-05-31 16:32:00 UTC,,2024-06-02 05:56:00 UTC,,1
6367,4997,Shipped,2024-06-01 14:25:57.288382 UTC,,2024-06-03 12:36:57.288382 UTC,,1
76158,60946,Shipped,2024-05-31 09:07:00 UTC,,2024-06-02 23:04:00 UTC,,1
55821,44577,Shipped,2024-05-31 16:02:00 UTC,,2024-06-02 05:42:00 UTC,,1
13154,10426,Shipped,2024-06-01 02:59:00 UTC,,2024-06-03 17:07:00 UTC,,1
49159,39298,Shipped,2024-05-31 04:45:00 UTC,,2024-06-02 02:04:00 UTC,,1
91743,73436,Shipped,2024-06-01 03:07:00 UTC,,2024-06-02 05:37:00 UTC,,1
90496,72374,Shipped,2024-06-01 15:25:00 UTC,,2024-06-03 00:28:00 UTC,,1
110073,88000,Shipped,2024-06-01 07:59:00 UTC,,2024-06-03 13:17:00 UTC,,1
94220,75406,Shipped,2024-06-01 10:34:07.038194 UTC,,2024-06-01 21:48:07.038194 UTC,,1
31290,25009,Shipped,2024-06-01 09:28:00 UTC,,2024-06-03 16:35:00 UTC,,1
13469,10692,Shipped,2024-06-01 04:37:00 UTC,,2024-06-02 05:24:00 UTC,,1
62075,49589,Shipped,2024-06-01 12:00:00 UTC,,2024-06-01 19:48:00 UTC,,1
54351,43404,Shipped,2024-05-31 16:25:00 UTC,,2024-06-01 23:52:00 UTC,,1
47163,37738,Shipped,2024-05-31 04:54:00 UTC,,2024-06-01 04:18:00 UTC,,1
78764,62971,Shipped,2024-06-01 10:17:00 UTC,,2024-06-02 01:27:00 UTC,,1
95186,76195,Shipped,2024-05-31 12:41:00 UTC,,2024-06-02 09:24:00 UTC,,1
108668,86919,Complete,2024-06-01 11:03:00 UTC,,2024-06-03 22:34:00 UTC,2024-06-08 03:06:00 UTC,1
49492,39545,Complete,2024-05-31 09:47:00 UTC,,2024-05-31 23:06:00 UTC,2024-06-03 02:16:00 UTC,1
118052,94503,Complete,2024-05-31 13:12:00 UTC,,2024-06-03 04:36:00 UTC,2024-06-06 16:35:00 UTC,1
118989,95253,Complete,2024-06-01 14:21:00 UTC,,2024-06-03 14:13:00 UTC,2024-06-07 16:52:00 UTC,1
49054,39220,Complete,2024-06-01 11:37:00 UTC,,2024-06-02 18:13:00 UTC,2024-06-04 15:23:00 UTC,1
53259,42555,Complete,2024-06-01 11:40:00 UTC,,2024-06-03 18:22:00 UTC,2024-06-06 10:41:00 UTC,1
94897,75955,Complete,2024-06-01 06:10:00 UTC,,2024-06-03 08:56:00 UTC,2024-06-06 08:36:00 UTC,1
46327,37060,Complete,2024-06-01 15:59:00 UTC,,2024-06-04 05:12:00 UTC,2024-06-06 03:10:00 UTC,1
121505,97257,Complete,2024-06-01 10:30:00 UTC,,2024-06-03 04:02:00 UTC,2024-06-06 22:44:00 UTC,1
33648,26887,Complete,2024-05-31 18:58:00 UTC,,2024-06-01 11:21:00 UTC,2024-06-04 09:24:00 UTC,1
62811,50201,Complete,2024-06-01 04:02:51.953864 UTC,,2024-06-03 00:09:51.953864 UTC,2024-06-04 19:44:51.953864 UTC,1
102987,82357,Complete,2024-05-31 00:31:00 UTC,,2024-06-01 15:17:00 UTC,2024-06-01 21:17:00 UTC,1
18465,14683,Complete,2024-05-31 07:56:00 UTC,,2024-06-02 21:58:00 UTC,2024-06-05 19:15:00 UTC,1
68770,54943,Complete,2024-05-31 02:30:00 UTC,,2024-06-03 01:52:00 UTC,2024-06-05 20:57:00 UTC,1
815,646,Complete,2024-05-31 12:00:00 UTC,,2024-06-02 18:38:00 UTC,2024-06-05 01:51:00 UTC,1
28499,22757,Complete,2024-06-01 10:34:01.750517 UTC,,2024-06-03 19:57:01.750517 UTC,2024-06-06 09:20:01.750517 UTC,1
49493,39545,Complete,2024-05-31 09:47:00 UTC,,2024-06-01 03:58:00 UTC,2024-06-01 12:10:00 UTC,1
61889,49443,Complete,2024-05-31 03:14:00 UTC,,2024-05-31 19:19:00 UTC,2024-06-02 17:39:00 UTC,1
35259,28177,Complete,2024-05-31 06:59:00 UTC,,2024-06-02 02:44:00 UTC,2024-06-05 11:47:00 UTC,1
100197,80174,Complete,2024-06-01 02:59:00 UTC,,2024-06-02 05:32:00 UTC,2024-06-06 10:08:00 UTC,1
111926,89501,Complete,2024-06-01 09:41:00 UTC,,2024-06-04 00:20:00 UTC,2024-06-08 18:08:00 UTC,1
115268,92278,Complete,2024-06-01 13:19:00 UTC,,2024-06-03 10:40:00 UTC,2024-06-04 16:32:00 UTC,1
18355,14587,Complete,2024-06-01 16:27:00 UTC,,2024-06-02 11:38:00 UTC,2024-06-07 08:12:00 UTC,1
56983,45513,Complete,2024-05-31 02:16:00 UTC,,2024-05-31 04:50:00 UTC,2024-06-04 08:24:00 UTC,1
78824,63025,Complete,2024-05-31 16:36:00 UTC,,2024-06-01 19:51:00 UTC,2024-06-03 05:17:00 UTC,1
85468,68345,Complete,2024-05-31 18:02:00 UTC,,2024-06-01 07:45:00 UTC,2024-06-03 23:59:00 UTC,1
91008,72810,Complete,2024-05-31 17:53:00 UTC,,2024-06-03 07:51:00 UTC,2024-06-07 00:40:00 UTC,1
91842,73523,Complete,2024-05-31 12:19:00 UTC,,2024-06-03 03:00:00 UTC,2024-06-07 04:22:00 UTC,1
98318,78652,Complete,2024-06-01 03:57:00 UTC,,2024-06-02 09:22:00 UTC,2024-06-06 15:56:00 UTC,1
108694,86945,Complete,2024-06-01 18:32:07.775304 UTC,,2024-06-01 21:23:07.775304 UTC,2024-06-02 23:31:07.775304 UTC,1
44622,35691,Complete,2024-06-01 16:13:29.02572 UTC,,2024-06-03 17:19:29.02572 UTC,2024-06-06 04:46:29.02572 UTC,1
113809,91114,Complete,2024-06-01 14:48:13.687588 UTC,,2024-06-03 23:50:13.687588 UTC,2024-06-05 15:23:13.687588 UTC,1
34899,27905,Complete,2024-05-31 09:08:00 UTC,,2024-06-01 19:44:00 UTC,2024-06-05 06:53:00 UTC,1
74495,59619,Complete,2024-06-01 00:41:27.058181 UTC,,2024-06-01 01:44:27.058181 UTC,2024-06-03 04:45:27.058181 UTC,1
76014,60825,Complete,2024-05-31 07:43:00 UTC,,2024-05-31 21:54:00 UTC,2024-06-04 10:53:00 UTC,1
19443,15483,Complete,2024-05-31 04:46:00 UTC,,2024-05-31 07:34:00 UTC,2024-06-04 22:03:00 UTC,1
13052,10336,Complete,2024-06-01 07:07:00 UTC,,2024-06-01 21:22:00 UTC,2024-06-05 23:16:00 UTC,1
89335,71486,Complete,2024-06-01 11:55:00 UTC,,2024-06-02 00:18:00 UTC,2024-06-05 07:38:00 UTC,1
108018,86407,Complete,2024-06-01 09:14:00 UTC,,2024-06-03 09:59:00 UTC,2024-06-06 06:42:00 UTC,1
116930,93605,Complete,2024-05-31 01:54:00 UTC,,2024-06-01 23:38:00 UTC,2024-06-03 18:52:00 UTC,1
119691,95793,Complete,2024-05-31 12:20:00 UTC,,2024-05-31 23:37:00 UTC,2024-06-05 14:58:00 UTC,1
47518,38002,Complete,2024-06-01 09:31:36.825444 UTC,,2024-06-02 01:09:36.825444 UTC,2024-06-04 15:56:36.825444 UTC,1
57065,45598,Complete,2024-06-01 06:06:00 UTC,,2024-06-03 16:48:00 UTC,2024-06-05 01:05:00 UTC,1
100949,80724,Complete,2024-06-01 01:22:00 UTC,,2024-06-01 21:57:00 UTC,2024-06-02 06:26:00 UTC,1
59091,47220,Complete,2024-05-31 14:02:00 UTC,,2024-06-01 09:10:00 UTC,2024-06-03 01:05:00 UTC,1
98539,78815,Complete,2024-05-31 05:36:00 UTC,,2024-06-01 08:27:00 UTC,2024-06-03 01:41:00 UTC,1
4692,3681,Complete,2024-05-31 08:21:00 UTC,,2024-06-01 12:28:00 UTC,2024-06-04 03:30:00 UTC,1
101235,80945,Complete,2024-06-01 14:43:00 UTC,,2024-06-03 15:55:00 UTC,2024-06-07 21:00:00 UTC,1
102451,81932,Complete,2024-06-01 08:32:00 UTC,,2024-06-04 00:28:00 UTC,2024-06-04 15:31:00 UTC,1
35338,28248,Complete,2024-05-31 01:05:00 UTC,,2024-06-02 14:59:00 UTC,2024-06-03 15:44:00 UTC,1
66429,53097,Complete,2024-06-01 03:25:00 UTC,,2024-06-03 20:30:00 UTC,2024-06-04 00:01:00 UTC,1
15123,11995,Complete,2024-05-31 16:11:00 UTC,,2024-06-01 01:09:00 UTC,2024-06-01 19:53:00 UTC,1
3237,2557,Complete,2024-05-31 17:02:00 UTC,,2024-06-01 03:08:00 UTC,2024-06-03 13:20:00 UTC,1
59866,47841,Complete,2024-05-31 06:17:00 UTC,,2024-06-01 17:41:00 UTC,2024-06-03 18:22:00 UTC,1
75052,60085,Complete,2024-05-31 17:05:00 UTC,,2024-06-01 21:52:00 UTC,2024-06-06 02:10:00 UTC,1
114041,91296,Complete,2024-06-01 14:53:00 UTC,,2024-06-03 06:33:00 UTC,2024-06-04 15:40:00 UTC,1
6499,5091,Complete,2024-06-01 17:12:00 UTC,,2024-06-02 23:35:00 UTC,2024-06-07 10:00:00 UTC,1
82182,65766,Complete,2024-05-31 02:11:00 UTC,,2024-05-31 04:25:00 UTC,2024-06-05 01:15:00 UTC,1
105511,84441,Complete,2024-05-31 02:01:00 UTC,,2024-06-02 03:36:00 UTC,2024-06-06 08:34:00 UTC,1
117717,94248,Complete,2024-05-31 08:16:00 UTC,,2024-05-31 18:39:00 UTC,2024-06-02 03:37:00 UTC,1
93504,74870,Complete,2024-06-01 03:29:00 UTC,,2024-06-02 08:09:00 UTC,2024-06-04 09:12:00 UTC,1
97250,77830,Complete,2024-06-01 11:38:00 UTC,,2024-06-01 14:16:00 UTC,2024-06-06 10:17:00 UTC,1
115361,92352,Complete,2024-05-31 12:07:00 UTC,,2024-06-01 13:36:00 UTC,2024-06-05 20:02:00 UTC,1
88908,71109,Complete,2024-06-01 02:54:00 UTC,,2024-06-02 02:06:00 UTC,2024-06-02 05:26:00 UTC,1
64837,51854,Complete,2024-05-31 15:48:00 UTC,,2024-05-31 15:59:00 UTC,2024-06-05 14:42:00 UTC,1
111720,89342,Complete,2024-06-01 14:57:00 UTC,,2024-06-04 09:48:00 UTC,2024-06-05 02:05:00 UTC,1
65055,52013,Complete,2024-05-31 18:47:00 UTC,,2024-06-01 12:35:00 UTC,2024-06-03 00:35:00 UTC,1
52911,42272,Complete,2024-05-31 03:29:00 UTC,,2024-06-01 23:10:00 UTC,2024-06-04 21:12:00 UTC,1
111537,89194,Complete,2024-06-01 18:35:00 UTC,,2024-06-02 02:18:00 UTC,2024-06-03 17:37:00 UTC,1
3228,2552,Complete,2024-06-01 09:26:00 UTC,,2024-06-03 01:47:00 UTC,2024-06-06 14:22:00 UTC,1
113795,91105,Complete,2024-06-01 00:14:00 UTC,,2024-06-03 22:28:00 UTC,2024-06-04 00:23:00 UTC,1
52212,41727,Complete,2024-06-01 06:36:00 UTC,,2024-06-02 06:21:00 UTC,2024-06-03 04:32:00 UTC,1
4209,3327,Complete,2024-05-31 05:47:00 UTC,,2024-05-31 22:56:00 UTC,2024-06-05 14:55:00 UTC,1
10359,8205,Complete,2024-06-01 15:22:00 UTC,,2024-06-03 17:43:00 UTC,2024-06-06 22:15:00 UTC,1
55963,44692,Complete,2024-05-31 02:29:00 UTC,,2024-05-31 22:36:00 UTC,2024-06-05 15:22:00 UTC,1
46034,36831,Complete,2024-05-31 01:38:00 UTC,,2024-06-01 12:06:00 UTC,2024-06-02 20:32:00 UTC,1
83174,66537,Complete,2024-05-31 04:31:00 UTC,,2024-06-02 15:38:00 UTC,2024-06-07 13:40:00 UTC,1
1101,870,Complete,2024-06-01 00:44:00 UTC,,2024-06-02 17:57:00 UTC,2024-06-06 19:02:00 UTC,1
28281,22582,Complete,2024-06-01 11:27:56.560909 UTC,,2024-06-03 22:40:56.560909 UTC,2024-06-08 01:10:56.560909 UTC,1
60725,48530,Complete,2024-06-01 18:56:00 UTC,,2024-06-03 00:09:00 UTC,2024-06-04 15:14:00 UTC,1
104966,83969,Complete,2024-05-31 11:07:00 UTC,,2024-06-02 05:00:00 UTC,2024-06-05 02:19:00 UTC,1
13416,10645,Complete,2024-06-01 01:04:00 UTC,,2024-06-02 06:08:00 UTC,2024-06-05 11:27:00 UTC,1
2678,2112,Complete,2024-06-01 10:42:00 UTC,,2024-06-02 09:06:00 UTC,2024-06-06 12:10:00 UTC,1
7301,5758,Complete,2024-06-01 08:03:00 UTC,,2024-06-01 13:56:00 UTC,2024-06-05 11:14:00 UTC,1
33439,26733,Complete,2024-05-31 02:35:00 UTC,,2024-06-01 05:23:00 UTC,2024-06-02 18:42:00 UTC,1
60758,48559,Complete,2024-05-31 05:58:00 UTC,,2024-06-03 03:39:00 UTC,2024-06-04 06:31:00 UTC,1
16862,13387,Complete,2024-06-01 03:27:00 UTC,,2024-06-02 02:41:00 UTC,2024-06-03 00:33:00 UTC,1
109208,87325,Complete,2024-06-01 00:50:19.228064 UTC,,2024-06-03 23:39:19.228064 UTC,2024-06-08 04:45:19.228064 UTC,1
43908,35115,Complete,2024-05-31 03:04:00 UTC,,2024-06-01 09:48:00 UTC,2024-06-05 15:55:00 UTC,1
29380,23469,Complete,2024-05-31 18:21:00 UTC,,2024-06-01 09:57:00 UTC,2024-06-05 12:14:00 UTC,1
45119,36082,Complete,2024-06-01 16:07:00 UTC,,2024-06-03 16:33:00 UTC,2024-06-06 14:08:00 UTC,1
16854,13378,Complete,2024-06-01 15:04:00 UTC,,2024-06-03 00:33:00 UTC,2024-06-06 12:11:00 UTC,1
55626,44427,Complete,2024-06-01 02:24:00 UTC,,2024-06-02 16:46:00 UTC,2024-06-03 09:00:00 UTC,1
50150,40091,Complete,2024-06-01 01:26:37.685461 UTC,,2024-06-01 05:32:37.685461 UTC,2024-06-05 16:56:37.685461 UTC,1
66309,52990,Complete,2024-06-01 06:46:13.322624 UTC,,2024-06-01 06:48:13.322624 UTC,2024-06-04 05:39:13.322624 UTC,1
102203,81741,Complete,2024-06-01 10:58:00 UTC,,2024-06-02 18:03:00 UTC,2024-06-04 19:09:00 UTC,1
75295,60260,Complete,2024-06-01 11:09:00 UTC,,2024-06-04 01:58:00 UTC,2024-06-07 13:45:00 UTC,1
16572,13156,Complete,2024-06-01 10:10:00 UTC,,2024-06-01 22:04:00 UTC,2024-06-03 19:25:00 UTC,1
20040,15949,Complete,2024-06-01 18:30:27.280411 UTC,,2024-06-01 20:27:27.280411 UTC,2024-06-03 08:04:27.280411 UTC,1
13365,10598,Complete,2024-06-01 06:43:00 UTC,,2024-06-02 12:04:00 UTC,2024-06-04 12:52:00 UTC,1
85526,68388,Complete,2024-06-01 10:33:00 UTC,,2024-06-02 13:07:00 UTC,2024-06-04 12:27:00 UTC,1
50078,40031,Complete,2024-05-31 14:03:00 UTC,,2024-06-03 01:43:00 UTC,2024-06-04 03:14:00 UTC,1
74040,59245,Complete,2024-06-01 10:14:16.182852 UTC,,2024-06-03 09:40:16.182852 UTC,2024-06-07 21:36:16.182852 UTC,1
97050,77666,Complete,2024-06-01 16:09:00 UTC,,2024-06-03 18:32:00 UTC,2024-06-05 07:44:00 UTC,1
114861,91970,Complete,2024-06-01 04:56:00 UTC,,2024-06-01 05:24:00 UTC,2024-06-04 09:49:00 UTC,1
28481,22742,Complete,2024-06-01 04:40:00 UTC,,2024-06-04 04:26:00 UTC,2024-06-07 04:47:00 UTC,1
81285,65042,Complete,2024-06-01 16:51:00 UTC,,2024-06-03 06:24:00 UTC,2024-06-07 19:07:00 UTC,1
75025,60061,Complete,2024-06-01 08:06:40.003371 UTC,,2024-06-02 03:52:40.003371 UTC,2024-06-05 21:41:40.003371 UTC,1
83770,66983,Complete,2024-05-31 02:35:00 UTC,,2024-06-02 12:03:00 UTC,2024-06-06 14:08:00 UTC,1
62141,49641,Complete,2024-06-01 10:55:35.641103 UTC,,2024-06-02 05:39:35.641103 UTC,2024-06-05 03:50:35.641103 UTC,1
85699,68526,Complete,2024-05-31 16:41:00 UTC,,2024-06-01 05:52:00 UTC,2024-06-02 16:17:00 UTC,1
36092,28833,Complete,2024-06-01 00:33:00 UTC,,2024-06-01 17:00:00 UTC,2024-06-02 16:26:00 UTC,1
65173,52105,Complete,2024-06-01 11:21:47.711825 UTC,,2024-06-03 13:48:47.711825 UTC,2024-06-06 20:44:47.711825 UTC,1
38545,30831,Complete,2024-06-01 04:01:00 UTC,,2024-06-03 21:11:00 UTC,2024-06-05 13:30:00 UTC,1
107892,86311,Complete,2024-06-01 07:02:48.444317 UTC,,2024-06-02 21:56:48.444317 UTC,2024-06-03 08:56:48.444317 UTC,1
38591,30865,Complete,2024-06-01 08:02:00 UTC,,2024-06-03 14:36:00 UTC,2024-06-05 00:40:00 UTC,1
72652,58093,Complete,2024-06-01 10:55:00 UTC,,2024-06-04 08:36:00 UTC,2024-06-05 00:13:00 UTC,1
74307,59459,Complete,2024-05-31 03:08:00 UTC,,2024-06-01 14:22:00 UTC,2024-06-05 13:25:00 UTC,1
100875,80666,Complete,2024-05-31 00:08:00 UTC,,2024-06-01 10:04:00 UTC,2024-06-03 18:47:00 UTC,1
17709,14077,Complete,2024-06-01 08:38:30.708351 UTC,,2024-06-03 01:09:30.708351 UTC,2024-06-06 04:08:30.708351 UTC,1
23345,18616,Complete,2024-05-31 02:52:00 UTC,,2024-06-02 18:06:00 UTC,2024-06-06 17:50:00 UTC,1
116005,92859,Complete,2024-06-01 05:56:00 UTC,,2024-06-03 03:24:00 UTC,2024-06-07 23:49:00 UTC,1
34945,27942,Complete,2024-05-31 14:41:00 UTC,,2024-06-03 05:30:00 UTC,2024-06-07 07:34:00 UTC,1
47161,37738,Complete,2024-06-01 04:54:00 UTC,,2024-06-01 12:25:00 UTC,2024-06-03 02:08:00 UTC,1
67326,53806,Complete,2024-06-01 02:45:37.450571 UTC,,2024-06-03 08:16:37.450571 UTC,2024-06-05 11:30:37.450571 UTC,1
109393,87483,Complete,2024-06-01 03:07:00 UTC,,2024-06-02 22:37:00 UTC,2024-06-03 05:24:00 UTC,1
117820,94331,Complete,2024-06-01 17:33:52.961829 UTC,,2024-06-02 03:24:52.961829 UTC,2024-06-04 20:30:52.961829 UTC,1
26005,20773,Complete,2024-06-01 11:41:00 UTC,,2024-06-02 12:43:00 UTC,2024-06-06 16:55:00 UTC,1
46780,37410,Complete,2024-05-31 16:06:00 UTC,,2024-06-02 23:17:00 UTC,2024-06-03 08:17:00 UTC,1
104855,83884,Complete,2024-06-01 15:12:00 UTC,,2024-06-04 05:49:00 UTC,2024-06-04 17:32:00 UTC,1
85389,68285,Complete,2024-06-01 15:30:00 UTC,,2024-06-03 03:19:00 UTC,2024-06-06 14:21:00 UTC,1
20131,16033,Complete,2024-06-01 04:01:00 UTC,,2024-06-03 16:53:00 UTC,2024-06-08 08:59:00 UTC,1
28648,22877,Complete,2024-06-01 02:16:00 UTC,,2024-06-02 07:01:00 UTC,2024-06-06 23:03:00 UTC,1
40764,32639,Complete,2024-05-31 07:46:00 UTC,,2024-06-02 20:35:00 UTC,2024-06-06 19:30:00 UTC,1
65515,52384,Complete,2024-06-01 10:57:00 UTC,,2024-06-02 01:23:00 UTC,2024-06-05 15:17:00 UTC,1
85605,68446,Complete,2024-06-01 00:32:00 UTC,,2024-06-03 08:24:00 UTC,2024-06-04 23:46:00 UTC,1
37545,29996,Complete,2024-05-31 04:40:00 UTC,,2024-06-02 10:11:00 UTC,2024-06-05 18:25:00 UTC,1
59254,47338,Complete,2024-05-31 02:17:00 UTC,,2024-05-31 20:34:00 UTC,2024-06-04 13:05:00 UTC,1
45643,36517,Complete,2024-06-01 02:52:00 UTC,,2024-06-04 01:39:00 UTC,2024-06-06 16:25:00 UTC,1
32057,25609,Complete,2024-06-01 18:00:26.734871 UTC,,2024-06-04 14:05:26.734871 UTC,2024-06-05 10:09:26.734871 UTC,1
70614,56423,Complete,2024-06-01 12:06:00 UTC,,2024-06-02 06:58:00 UTC,2024-06-02 20:18:00 UTC,1
81305,65059,Complete,2024-06-01 08:41:00 UTC,,2024-06-01 14:40:00 UTC,2024-06-03 23:09:00 UTC,1
104856,83884,Complete,2024-06-01 15:12:00 UTC,,2024-06-01 16:35:00 UTC,2024-06-05 22:10:00 UTC,1
39133,31292,Complete,2024-06-01 00:59:00 UTC,,2024-06-01 10:10:00 UTC,2024-06-06 00:40:00 UTC,1
49058,39224,Complete,2024-06-01 10:15:00 UTC,,2024-06-04 09:01:00 UTC,2024-06-07 06:35:00 UTC,1
104274,83406,Complete,2024-06-01 08:12:00 UTC,,2024-06-01 22:35:00 UTC,2024-06-04 13:25:00 UTC,1
51193,40967,Returned,2024-05-31 07:43:00 UTC,2024-06-01 10:05:00 UTC,2024-05-31 15:19:00 UTC,2024-05-31 21:59:00 UTC,1
118125,94559,Returned,2024-05-31 00:41:00 UTC,2024-06-03 03:33:00 UTC,2024-05-31 01:08:00 UTC,2024-06-03 00:04:00 UTC,1
33017,26403,Returned,2024-06-01 08:04:00 UTC,2024-06-05 23:51:00 UTC,2024-06-03 17:36:00 UTC,2024-06-05 04:18:00 UTC,1
30259,24190,Returned,2024-05-31 16:50:00 UTC,2024-06-06 10:19:00 UTC,2024-06-01 01:40:00 UTC,2024-06-03 13:34:00 UTC,1
111828,89430,Returned,2024-05-31 01:40:00 UTC,2024-06-03 15:40:00 UTC,2024-05-31 18:46:00 UTC,2024-06-01 14:02:00 UTC,1
33612,26864,Returned,2024-06-01 01:03:04.497513 UTC,2024-06-08 19:15:04.497513 UTC,2024-06-02 10:21:04.497513 UTC,2024-06-06 16:02:04.497513 UTC,1
21385,17041,Returned,2024-06-01 15:34:00 UTC,2024-06-08 03:12:00 UTC,2024-06-04 00:12:00 UTC,2024-06-06 01:51:00 UTC,1
99914,79939,Returned,2024-05-31 16:26:00 UTC,2024-06-04 01:29:00 UTC,2024-06-02 02:53:00 UTC,2024-06-03 18:26:00 UTC,1
23808,18997,Returned,2024-06-01 06:32:00 UTC,2024-06-03 14:01:00 UTC,2024-06-01 16:07:00 UTC,2024-06-02 04:23:00 UTC,1
41191,32977,Returned,2024-06-01 15:18:00 UTC,2024-06-04 17:55:00 UTC,2024-06-02 06:32:00 UTC,2024-06-03 08:34:00 UTC,1
105344,84297,Returned,2024-06-01 17:35:00 UTC,2024-06-05 23:35:00 UTC,2024-06-02 13:59:00 UTC,2024-06-03 21:12:00 UTC,1
92153,73781,Returned,2024-05-31 14:47:00 UTC,2024-06-04 02:05:00 UTC,2024-06-03 07:17:00 UTC,2024-06-03 20:34:00 UTC,1
6085,4775,Returned,2024-06-01 17:35:00 UTC,2024-06-05 10:41:00 UTC,2024-06-02 16:09:00 UTC,2024-06-05 07:26:00 UTC,1
83941,67132,Returned,2024-05-31 12:48:00 UTC,2024-06-05 05:49:00 UTC,2024-05-31 23:37:00 UTC,2024-06-02 13:04:00 UTC,1
5548,4345,Returned,2024-05-31 11:08:00 UTC,2024-06-02 14:48:00 UTC,2024-05-31 16:51:00 UTC,2024-06-01 20:44:00 UTC,1
79927,63941,Returned,2024-06-01 01:04:00 UTC,2024-06-08 19:39:00 UTC,2024-06-02 23:19:00 UTC,2024-06-06 20:24:00 UTC,1
2911,2301,Returned,2024-05-31 13:18:00 UTC,2024-06-09 18:16:00 UTC,2024-06-02 02:31:00 UTC,2024-06-06 22:00:00 UTC,1
15872,12593,Returned,2024-06-01 09:52:00 UTC,2024-06-05 17:07:00 UTC,2024-06-02 14:01:00 UTC,2024-06-03 09:30:00 UTC,1
88069,70453,Returned,2024-06-01 10:57:00 UTC,2024-06-03 18:18:00 UTC,2024-06-02 15:12:00 UTC,2024-06-03 11:33:00 UTC,1
57800,46194,Returned,2024-05-31 07:23:00 UTC,2024-06-04 13:00:00 UTC,2024-06-02 23:06:00 UTC,2024-06-04 01:41:00 UTC,1
12856,10176,Returned,2024-06-01 07:53:00 UTC,2024-06-09 11:58:00 UTC,2024-06-03 14:26:00 UTC,2024-06-08 00:59:00 UTC,1
61731,49316,Returned,2024-06-01 00:26:00 UTC,2024-06-05 06:42:00 UTC,2024-06-03 00:56:00 UTC,2024-06-04 21:42:00 UTC,1
91258,73024,Returned,2024-06-01 09:40:57.617106 UTC,2024-06-09 00:06:57.617106 UTC,2024-06-03 14:00:57.617106 UTC,2024-06-06 09:47:57.617106 UTC,1
25216,20121,Returned,2024-06-01 05:23:00 UTC,2024-06-08 11:30:00 UTC,2024-06-02 09:19:00 UTC,2024-06-06 23:10:00 UTC,1
62512,49951,Returned,2024-06-01 14:57:44.626264 UTC,2024-06-06 17:59:44.626264 UTC,2024-06-04 04:35:44.626264 UTC,2024-06-04 23:14:44.626264 UTC,1
27567,22007,Returned,2024-05-31 03:05:00 UTC,2024-06-03 12:49:00 UTC,2024-05-31 16:11:00 UTC,2024-06-02 15:59:00 UTC,1
55564,44374,Returned,2024-05-31 16:07:00 UTC,2024-06-06 09:14:00 UTC,2024-06-01 04:33:00 UTC,2024-06-05 18:40:00 UTC,1
32636,26089,Returned,2024-06-01 11:22:00 UTC,2024-06-08 19:26:00 UTC,2024-06-04 07:12:00 UTC,2024-06-08 01:38:00 UTC,1
65265,52182,Returned,2024-05-31 13:34:00 UTC,2024-06-06 06:37:00 UTC,2024-05-31 15:15:00 UTC,2024-06-04 09:54:00 UTC,1
76028,60837,Returned,2024-06-01 08:14:00 UTC,2024-06-09 06:43:00 UTC,2024-06-03 12:52:00 UTC,2024-06-07 05:48:00 UTC,1
110413,88265,Returned,2024-06-01 07:37:00 UTC,2024-06-06 01:14:00 UTC,2024-06-02 05:15:00 UTC,2024-06-03 07:11:00 UTC,1
39000,31188,Returned,2024-05-31 14:18:00 UTC,2024-06-07 04:24:00 UTC,2024-06-01 03:11:00 UTC,2024-06-05 21:08:00 UTC,1
52896,42262,Returned,2024-06-01 02:24:00 UTC,2024-06-04 18:53:00 UTC,2024-06-01 09:52:00 UTC,2024-06-02 07:03:00 UTC,1
69880,55855,Returned,2024-06-01 11:21:00 UTC,2024-06-05 17:22:00 UTC,2024-06-02 23:29:00 UTC,2024-06-03 05:19:00 UTC,1
63542,50781,Returned,2024-06-01 07:47:00 UTC,2024-06-06 11:55:00 UTC,2024-06-02 22:25:00 UTC,2024-06-06 11:43:00 UTC,1
100950,80724,Returned,2024-06-01 01:22:00 UTC,2024-06-04 16:40:00 UTC,2024-06-02 08:21:00 UTC,2024-06-02 11:43:00 UTC,1
107589,86054,Returned,2024-05-31 07:54:00 UTC,2024-06-07 14:23:00 UTC,2024-06-02 03:51:00 UTC,2024-06-05 02:01:00 UTC,1
92356,73945,Returned,2024-06-01 11:14:24.326237 UTC,2024-06-08 18:45:24.326237 UTC,2024-06-02 02:14:24.326237 UTC,2024-06-06 17:34:24.326237 UTC,1
26460,21133,Returned,2024-06-01 05:02:00 UTC,2024-06-03 15:27:00 UTC,2024-06-02 11:59:00 UTC,2024-06-03 06:28:00 UTC,1
80461,64372,Returned,2024-06-01 16:03:00 UTC,2024-06-06 15:28:00 UTC,2024-06-03 09:39:00 UTC,2024-06-04 16:02:00 UTC,1
79635,63694,Returned,2024-06-01 18:40:00 UTC,2024-06-04 21:46:00 UTC,2024-06-01 20:53:00 UTC,2024-06-04 19:14:00 UTC,1
33069,26439,Returned,2024-06-01 11:53:00 UTC,2024-06-07 08:33:00 UTC,2024-06-03 11:05:00 UTC,2024-06-07 03:12:00 UTC,1
15380,12214,Returned,2024-06-01 01:26:00 UTC,2024-06-03 12:18:00 UTC,2024-06-01 16:20:00 UTC,2024-06-02 02:09:00 UTC,1
96946,77588,Returned,2024-05-31 11:40:00 UTC,2024-06-04 13:50:00 UTC,2024-06-02 07:02:00 UTC,2024-06-03 22:38:00 UTC,1
77538,61985,Returned,2024-05-31 09:20:00 UTC,2024-06-07 10:11:00 UTC,2024-06-02 03:45:00 UTC,2024-06-06 09:12:00 UTC,1
24690,19688,Returned,2024-05-31 15:46:00 UTC,2024-06-06 05:24:00 UTC,2024-06-03 04:06:00 UTC,2024-06-05 03:34:00 UTC,1
77183,61729,Returned,2024-06-01 14:05:00 UTC,2024-06-10 00:57:00 UTC,2024-06-02 05:06:00 UTC,2024-06-07 04:02:00 UTC,1
88291,70633,Returned,2024-06-01 07:03:48.111943 UTC,2024-06-04 01:10:48.111943 UTC,2024-06-02 22:18:48.111943 UTC,2024-06-03 16:15:48.111943 UTC,1
120845,96749,Returned,2024-05-31 14:55:00 UTC,2024-06-07 18:15:00 UTC,2024-05-31 19:19:00 UTC,2024-06-05 00:19:00 UTC,1
115510,92475,Returned,2024-06-01 16:51:00 UTC,2024-06-06 06:22:00 UTC,2024-06-02 01:24:00 UTC,2024-06-05 13:02:00 UTC,1
53078,42407,Returned,2024-05-31 09:21:00 UTC,2024-06-05 11:28:00 UTC,2024-05-31 12:40:00 UTC,2024-06-04 05:39:00 UTC,1
121413,97184,Returned,2024-06-01 04:56:00 UTC,2024-06-08 18:37:00 UTC,2024-06-02 02:48:00 UTC,2024-06-06 19:27:00 UTC,1
9293,7369,Returned,2024-06-01 01:03:00 UTC,2024-06-06 02:16:00 UTC,2024-06-01 22:55:00 UTC,2024-06-05 11:17:00 UTC,1
95731,76614,Returned,2024-06-01 05:05:00 UTC,2024-06-09 20:19:00 UTC,2024-06-03 18:44:00 UTC,2024-06-07 01:08:00 UTC,1
36186,28904,Returned,2024-05-31 14:41:00 UTC,2024-06-06 13:50:00 UTC,2024-06-03 11:10:00 UTC,2024-06-05 04:54:00 UTC,1
74679,59772,Returned,2024-06-01 14:22:00 UTC,2024-06-06 12:48:00 UTC,2024-06-02 06:28:00 UTC,2024-06-05 17:32:00 UTC,1
54265,43340,Returned,2024-06-01 18:06:00 UTC,2024-06-09 09:13:00 UTC,2024-06-04 17:51:00 UTC,2024-06-06 15:17:00 UTC,1
55817,44574,Cancelled,2024-05-31 18:51:00 UTC,,,,1
45703,36567,Cancelled,2024-06-01 14:41:00 UTC,,,,1
117548,94116,Cancelled,2024-05-31 17:04:00 UTC,,,,1
17121,13597,Cancelled,2024-06-01 04:16:00 UTC,,,,1
68701,54885,Cancelled,2024-05-31 17:24:00 UTC,,,,1
113376,90741,Cancelled,2024-06-01 02:37:00 UTC,,,,1
31545,25224,Cancelled,2024-05-31 13:19:00 UTC,,,,1
74427,59556,Cancelled,2024-06-01 07:37:00 UTC,,,,1
70639,56447,Cancelled,2024-05-31 09:33:00 UTC,,,,1
64888,51894,Cancelled,2024-06-01 15:38:00 UTC,,,,1
69234,55338,Cancelled,2024-06-01 12:13:00 UTC,,,,1
29876,23869,Cancelled,2024-05-31 10:48:00 UTC,,,,1
105803,84669,Cancelled,2024-06-01 05:42:58.933601 UTC,,,,1
92408,73984,Cancelled,2024-06-01 08:58:00 UTC,,,,1
32895,26309,Cancelled,2024-06-01 14:44:00 UTC,,,,1
14273,11329,Cancelled,2024-05-31 13:58:00 UTC,,,,1
53901,43048,Cancelled,2024-06-01 08:49:23.210858 UTC,,,,1
82856,66279,Cancelled,2024-06-01 14:44:00 UTC,,,,1
69237,55339,Cancelled,2024-06-01 01:49:22.279772 UTC,,,,1
104979,83976,Cancelled,2024-05-31 09:40:00 UTC,,,,1
124484,99661,Cancelled,2024-05-31 18:36:00 UTC,,,,1
87379,69899,Cancelled,2024-06-01 15:38:00 UTC,,,,1
90535,72398,Cancelled,2024-06-01 05:26:39.630629 UTC,,,,1
39675,31757,Cancelled,2024-06-01 02:51:00 UTC,,,,1
56815,45379,Cancelled,2024-06-01 17:53:00 UTC,,,,1
21675,17293,Cancelled,2024-06-01 10:56:00 UTC,,,,1
50101,40048,Cancelled,2024-06-01 14:55:00 UTC,,,,1
3711,2927,Cancelled,2024-05-31 07:34:00 UTC,,,,1
9627,7599,Cancelled,2024-06-01 05:53:00 UTC,,,,1
24762,19743,Cancelled,2024-06-01 04:08:00 UTC,,,,1
30289,24216,Cancelled,2024-06-01 13:10:00 UTC,,,,1
33041,26419,Cancelled,2024-06-01 05:27:00 UTC,,,,1
54122,43225,Cancelled,2024-06-01 16:14:00 UTC,,,,1
98418,78722,Cancelled,2024-06-01 18:02:00 UTC,,,,1
98296,78639,Cancelled,2024-06-01 02:34:00 UTC,,,,1
41779,33444,Cancelled,2024-05-31 05:00:00 UTC,,,,1
82768,66216,Cancelled,2024-06-01 17:53:00 UTC,,,,1
92000,73660,Cancelled,2024-06-01 11:56:15.942431 UTC,,,,1
16223,12870,Cancelled,2024-06-01 13:56:50.91367 UTC,,,,1
106895,85525,Cancelled,2024-06-01 13:08:00 UTC,,,,1
75771,60629,Cancelled,2024-06-01 06:37:00 UTC,,,,1
10039,7916,Cancelled,2024-05-31 12:51:00 UTC,,,,1
25250,20153,Cancelled,2024-05-31 03:52:00 UTC,,,,1
52197,41717,Cancelled,2024-06-01 18:50:00 UTC,,,,1
60720,48522,Cancelled,2024-05-31 18:19:00 UTC,,,,1
113552,90893,Cancelled,2024-06-01 13:25:00 UTC,,,,1
114339,91532,Cancelled,2024-05-31 13:00:00 UTC,,,,1
94780,75862,Cancelled,2024-06-01 15:31:00 UTC,,,,1
38538,30821,Cancelled,2024-05-31 09:34:00 UTC,,,,1
112018,89583,Cancelled,2024-05-31 09:37:00 UTC,,,,1
4202,3325,Cancelled,2024-06-01 04:28:00 UTC,,,,1
49574,39613,Cancelled,2024-06-01 01:17:00 UTC,,,,1
93676,75008,Cancelled,2024-05-31 14:07:00 UTC,,,,1
98900,79127,Cancelled,2024-06-01 04:51:00 UTC,,,,1
89103,71286,Cancelled,2024-05-31 00:47:00 UTC,,,,1
13197,10458,Cancelled,2024-05-31 12:15:00 UTC,,,,1
95123,76154,Cancelled,2024-05-31 18:38:00 UTC,,,,1
73283,58604,Cancelled,2024-05-31 04:30:00 UTC,,,,1
82871,66290,Cancelled,2024-06-01 05:10:00 UTC,,,,1
77313,61820,Cancelled,2024-05-31 13:46:00 UTC,,,,1
26955,21539,Cancelled,2024-06-01 07:30:25.382887 UTC,,,,1
64889,51894,Cancelled,2024-06-01 15:38:00 UTC,,,,1
67589,54002,Cancelled,2024-06-01 18:21:00 UTC,,,,1
119598,95719,Cancelled,2024-06-01 17:11:00 UTC,,,,1
108935,87117,Cancelled,2024-06-01 18:02:00 UTC,,,,1
117959,94437,Cancelled,2024-06-01 08:36:00 UTC,,,,1
78747,62959,Cancelled,2024-05-31 09:24:00 UTC,,,,1
28470,22733,Cancelled,2024-05-31 09:18:00 UTC,,,,1
61493,49154,Cancelled,2024-06-01 08:40:00 UTC,,,,1
123776,99068,Cancelled,2024-06-01 09:59:00 UTC,,,,1
15266,12125,Cancelled,2024-06-01 06:41:00 UTC,,,,1
36391,29058,Cancelled,2024-06-01 05:28:11.516938 UTC,,,,1
124584,99725,Cancelled,2024-05-31 08:14:00 UTC,,,,1
38420,30725,Cancelled,2024-05-31 00:27:00 UTC,,,,1
82610,66106,Cancelled,2024-05-31 01:31:00 UTC,,,,1
4354,3429,Cancelled,2024-06-01 13:34:00 UTC,,,,1
21162,16859,Cancelled,2024-05-31 08:08:00 UTC,,,,1
25322,20204,Cancelled,2024-06-01 00:25:00 UTC,,,,1
2286,1807,Cancelled,2024-05-31 06:44:00 UTC,,,,1
111579,89232,Cancelled,2024-06-01 11:39:17.282615 UTC,,,,1
52257,41757,Cancelled,2024-06-01 00:26:00 UTC,,,,1
60794,48588,Cancelled,2024-05-31 13:42:00 UTC,,,,1
104220,83364,Cancelled,2024-06-01 09:51:00 UTC,,,,1
23408,18670,Cancelled,2024-05-31 17:06:00 UTC,,,,1
73889,59125,Cancelled,2024-05-31 09:04:00 UTC,,,,1
24577,19604,Cancelled,2024-05-31 10:59:00 UTC,,,,1
93806,75097,Cancelled,2024-05-31 15:54:00 UTC,,,,1
27566,22007,Cancelled,2024-05-31 03:05:00 UTC,,,,1
91840,73523,Cancelled,2024-06-01 12:19:00 UTC,,,,1
30351,24260,Cancelled,2024-06-01 10:32:00 UTC,,,,1
107295,85818,Cancelled,2024-06-01 06:44:00 UTC,,,,1
108328,86650,Cancelled,2024-06-01 18:15:00 UTC,,,,1
44970,35961,Cancelled,2024-05-31 13:24:00 UTC,,,,1
120864,96763,Cancelled,2024-06-01 12:15:00 UTC,,,,1
61728,49313,Cancelled,2024-05-31 07:38:00 UTC,,,,1
107400,85898,Cancelled,2024-06-01 11:36:00 UTC,,,,1
18691,14859,Cancelled,2024-06-01 14:30:00 UTC,,,,1
85299,68221,Cancelled,2024-05-31 09:34:00 UTC,,,,1
6660,5239,Cancelled,2024-06-01 00:49:00 UTC,,,,1
124622,99754,Cancelled,2024-06-01 18:32:00 UTC,,,,1
48120,38505,Cancelled,2024-06-01 14:47:00 UTC,,,,1
60164,48076,Cancelled,2024-06-01 13:52:00 UTC,,,,1
49632,39661,Processing,2024-05-31 16:59:00 UTC,,,,1
43845,35064,Processing,2024-05-31 03:04:00 UTC,,,,1
69465,55524,Processing,2024-05-31 17:24:00 UTC,,,,1
82701,66171,Processing,2024-06-01 14:42:38.832866 UTC,,,,1
11814,9360,Processing,2024-06-01 04:23:00 UTC,,,,1
80739,64598,Processing,2024-05-31 15:09:00 UTC,,,,1
8472,6678,Processing,2024-06-01 16:29:00 UTC,,,,1
33144,26498,Processing,2024-05-31 11:23:00 UTC,,,,1
122002,97654,Processing,2024-06-01 16:05:00 UTC,,,,1
123711,99015,Processing,2024-06-01 01:48:00 UTC,,,,1
34529,27596,Processing,2024-06-01 00:14:00 UTC,,,,1
53642,42845,Processing,2024-05-31 17:38:00 UTC,,,,1
83033,66426,Processing,2024-06-01 08:34:00 UTC,,,,1
77733,62144,Processing,2024-06-01 10:44:00 UTC,,,,1
30571,24441,Processing,2024-05-31 06:35:00 UTC,,,,1
34416,27505,Processing,2024-05-31 11:05:00 UTC,,,,1
48870,39086,Processing,2024-05-31 06:50:00 UTC,,,,1
10994,8690,Processing,2024-05-31 05:18:00 UTC,,,,1
50020,39993,Processing,2024-06-01 03:57:00 UTC,,,,1
54325,43383,Processing,2024-05-31 18:09:00 UTC,,,,1
119466,95620,Processing,2024-05-31 01:25:00 UTC,,,,1
86505,69168,Processing,2024-06-01 18:42:05.685997 UTC,,,,1
124503,99676,Processing,2024-06-01 11:39:00 UTC,,,,1
12582,9965,Processing,2024-06-01 05:08:24.432083 UTC,,,,1
106841,85492,Processing,2024-06-01 13:29:00 UTC,,,,1
107284,85810,Processing,2024-06-01 13:41:33.253282 UTC,,,,1
108577,86850,Processing,2024-06-01 07:17:00 UTC,,,,1
73292,58614,Processing,2024-06-01 05:23:00 UTC,,,,1
9068,7185,Processing,2024-06-01 01:44:00 UTC,,,,1
24638,19644,Processing,2024-06-01 05:40:17.476819 UTC,,,,1
97960,78367,Processing,2024-06-01 18:02:00 UTC,,,,1
28153,22470,Processing,2024-05-31 08:10:00 UTC,,,,1
77256,61785,Processing,2024-06-01 12:09:00 UTC,,,,1
112180,89708,Processing,2024-05-31 14:04:00 UTC,,,,1
64296,51392,Processing,2024-06-01 01:08:00 UTC,,,,1
59552,47584,Processing,2024-06-01 09:59:00 UTC,,,,1
12584,9965,Processing,2024-06-01 05:08:24.432083 UTC,,,,1
28472,22734,Processing,2024-06-01 16:33:00 UTC,,,,1
9184,7278,Processing,2024-05-31 08:38:00 UTC,,,,1
18417,14633,Processing,2024-06-01 02:25:48.101016 UTC,,,,1
14064,11164,Processing,2024-05-31 16:24:00 UTC,,,,1
7045,5561,Processing,2024-05-31 06:00:00 UTC,,,,1
81597,65301,Processing,2024-06-01 01:33:13.657028 UTC,,,,1
22185,17712,Processing,2024-06-01 15:58:19.911886 UTC,,,,1
72150,57689,Processing,2024-05-31 05:15:00 UTC,,,,1
121092,96939,Processing,2024-06-01 13:30:00 UTC,,,,1
94558,75679,Processing,2024-05-31 08:14:00 UTC,,,,1
621,486,Processing,2024-06-01 17:42:00 UTC,,,,1
36143,28872,Processing,2024-05-31 03:02:00 UTC,,,,1
49556,39602,Processing,2024-05-31 04:09:00 UTC,,,,1
124528,99693,Processing,2024-06-01 07:41:00 UTC,,,,1
16765,13300,Processing,2024-06-01 01:39:00 UTC,,,,1
6329,4970,Processing,2024-05-31 09:43:00 UTC,,,,1
39039,31218,Processing,2024-06-01 17:42:00 UTC,,,,1
63201,50499,Processing,2024-05-31 17:30:00 UTC,,,,1
106043,84863,Processing,2024-05-31 06:50:00 UTC,,,,1
122910,98378,Processing,2024-06-01 05:52:00 UTC,,,,1
115122,92174,Processing,2024-06-01 01:16:45.699888 UTC,,,,1
30678,24513,Processing,2024-05-31 00:33:00 UTC,,,,1
70132,56047,Processing,2024-06-01 15:50:00 UTC,,,,1
78277,62585,Processing,2024-06-01 08:37:00 UTC,,,,1
100024,80033,Processing,2024-06-01 05:48:27.436107 UTC,,,,1
101440,81102,Processing,2024-05-31 16:55:00 UTC,,,,1
112597,90047,Processing,2024-05-31 17:52:00 UTC,,,,1
30581,24445,Processing,2024-06-01 12:03:00 UTC,,,,1
65046,52006,Processing,2024-06-01 14:02:00 UTC,,,,1
81391,65123,Processing,2024-06-01 14:12:00 UTC,,,,1
85262,68194,Processing,2024-06-01 08:37:00 UTC,,,,1
5105,4008,Processing,2024-06-01 18:16:00 UTC,,,,1
5399,4229,Processing,2024-05-31 07:05:00 UTC,,,,1
9066,7185,Processing,2024-06-01 01:44:00 UTC,,,,1
57329,45813,Processing,2024-06-01 01:01:00 UTC,,,,1
83108,66488,Processing,2024-05-31 02:01:00 UTC,,,,1
22782,18170,Processing,2024-06-01 11:07:00 UTC,,,,1
121029,96895,Processing,2024-05-31 06:34:00 UTC,,,,1
23809,18997,Processing,2024-06-01 06:32:00 UTC,,,,1
76879,61509,Processing,2024-05-31 08:46:00 UTC,,,,1
26432,21109,Processing,2024-05-31 07:36:00 UTC,,,,1
34333,27440,Processing,2024-06-01 03:57:21.707142 UTC,,,,1
102822,82231,Processing,2024-06-01 09:03:45.456486 UTC,,,,1
120124,96171,Processing,2024-05-31 01:55:00 UTC,,,,1
38106,30482,Processing,2024-06-01 12:16:00 UTC,,,,1
84498,67582,Processing,2024-06-01 07:07:19.784548 UTC,,,,1
116063,92904,Processing,2024-05-31 18:22:00 UTC,,,,1
16063,12747,Processing,2024-06-01 08:41:00 UTC,,,,1
18356,14587,Processing,2024-06-01 16:27:00 UTC,,,,1
118172,94594,Processing,2024-06-01 07:18:00 UTC,,,,1
58052,46411,Processing,2024-06-01 05:59:00 UTC,,,,1
11347,8986,Processing,2024-05-31 03:03:00 UTC,,,,1
13174,10440,Processing,2024-05-31 04:16:00 UTC,,,,1
88055,70441,Processing,2024-05-31 00:29:00 UTC,,,,1
116091,92920,Processing,2024-05-31 08:53:00 UTC,,,,1
21184,16876,Processing,2024-05-31 15:23:00 UTC,,,,1
45882,36714,Processing,2024-06-01 08:12:00 UTC,,,,1
54324,43383,Processing,2024-06-01 18:09:00 UTC,,,,1
101444,81106,Processing,2024-05-31 15:48:00 UTC,,,,1
35360,28264,Processing,2024-05-31 08:02:00 UTC,,,,1
92457,74029,Processing,2024-06-01 05:46:00 UTC,,,,1
108369,86679,Processing,2024-06-01 14:29:00 UTC,,,,1
101401,81072,Processing,2024-06-01 15:30:10.58669 UTC,,,,1
26924,21510,Processing,2024-06-01 08:30:00 UTC,,,,1
53258,42555,Processing,2024-06-01 11:40:00 UTC,,,,1
22828,18206,Processing,2024-06-01 06:48:00 UTC,,,,1
95941,76779,Processing,2024-05-31 13:53:00 UTC,,,,1
26488,21145,Processing,2024-06-01 12:06:00 UTC,,,,1
87955,70353,Processing,2024-06-01 14:17:40.074798 UTC,,,,1
108704,86957,Processing,2024-06-01 18:58:08.121699 UTC,,,,1
68670,54855,Processing,2024-05-31 00:52:00 UTC,,,,1
42497,34035,Processing,2024-05-31 11:27:00 UTC,,,,1
112773,90195,Processing,2024-06-01 17:42:00 UTC,,,,1
30955,24737,Processing,2024-05-31 17:45:00 UTC,,,,1
11121,8795,Processing,2024-06-01 16:18:00 UTC,,,,1
74414,59545,Processing,2024-05-31 03:35:00 UTC,,,,1
83029,66424,Processing,2024-06-01 13:35:00 UTC,,,,1
87840,70256,Processing,2024-06-01 15:10:37.303335 UTC,,,,1
86088,68845,Processing,2024-05-31 08:40:00 UTC,,,,1
2347,1853,Processing,2024-06-01 12:40:00 UTC,,,,1
50665,40513,Processing,2024-06-01 12:20:50.061151 UTC,,,,1
118692,94998,Processing,2024-05-31 14:20:00 UTC,,,,1
24405,19453,Processing,2024-06-01 18:00:11.834719 UTC,,,,1
112244,89756,Processing,2024-05-31 08:08:00 UTC,,,,1
90336,72255,Processing,2024-06-01 02:52:00 UTC,,,,1
69441,55506,Processing,2024-05-31 17:53:00 UTC,,,,1
72323,57813,Shipped,2024-06-01 18:02:00 UTC,,2024-06-02 18:10:00 UTC,,2
101119,80848,Shipped,2024-05-31 02:16:00 UTC,,2024-05-31 07:19:00 UTC,,2
123138,98535,Shipped,2024-06-01 15:16:00 UTC,,2024-06-02 08:06:00 UTC,,2
59440,47490,Shipped,2024-06-01 17:24:33.033127 UTC,,2024-06-04 02:43:33.033127 UTC,,2
71663,57284,Shipped,2024-06-01 12:23:00 UTC,,2024-06-03 02:09:00 UTC,,2
54096,43204,Shipped,2024-06-01 10:47:00 UTC,,2024-06-02 07:17:00 UTC,,2
90555,72416,Shipped,2024-05-31 15:57:00 UTC,,2024-05-31 23:11:00 UTC,,2
124213,99421,Shipped,2024-06-01 16:55:25.433905 UTC,,2024-06-03 11:20:25.433905 UTC,,2
55309,44185,Shipped,2024-06-01 12:02:00 UTC,,2024-06-04 03:47:00 UTC,,2
69673,55695,Shipped,2024-05-31 14:01:00 UTC,,2024-06-03 11:41:00 UTC,,2
114925,92023,Shipped,2024-06-01 15:15:00 UTC,,2024-06-03 17:20:00 UTC,,2
44517,35610,Shipped,2024-06-01 07:37:00 UTC,,2024-06-04 03:22:00 UTC,,2
95841,76703,Shipped,2024-06-01 04:10:44.778588 UTC,,2024-06-01 13:35:44.778588 UTC,,2
40811,32676,Shipped,2024-05-31 10:12:00 UTC,,2024-06-02 11:35:00 UTC,,2
106999,85613,Shipped,2024-05-31 15:33:00 UTC,,2024-06-03 10:14:00 UTC,,2
117232,93857,Shipped,2024-06-01 06:26:00 UTC,,2024-06-03 13:44:00 UTC,,2
71874,57453,Shipped,2024-06-01 05:24:00 UTC,,2024-06-02 11:18:00 UTC,,2
120513,96500,Shipped,2024-05-31 16:20:00 UTC,,2024-06-02 21:51:00 UTC,,2
79197,63346,Shipped,2024-06-01 07:51:00 UTC,,2024-06-03 20:41:00 UTC,,2
122084,97730,Shipped,2024-06-01 18:22:00 UTC,,2024-06-04 08:58:00 UTC,,2
88567,70828,Shipped,2024-06-01 17:46:00 UTC,,2024-06-03 05:13:00 UTC,,2
7336,5786,Shipped,2024-05-31 10:13:00 UTC,,2024-06-03 03:34:00 UTC,,2
53247,42544,Shipped,2024-06-01 01:50:08.16262 UTC,,2024-06-03 16:05:08.16262 UTC,,2
12314,9750,Shipped,2024-06-01 07:37:00 UTC,,2024-06-02 13:38:00 UTC,,2
18842,14976,Shipped,2024-06-01 15:50:00 UTC,,2024-06-03 05:06:00 UTC,,2
48489,38798,Shipped,2024-05-31 05:27:00 UTC,,2024-05-31 13:20:00 UTC,,2
59108,47234,Shipped,2024-05-31 15:28:00 UTC,,2024-05-31 19:38:00 UTC,,2
104370,83492,Shipped,2024-05-31 16:46:00 UTC,,2024-06-01 23:05:00 UTC,,2
46913,37524,Shipped,2024-06-01 06:43:00 UTC,,2024-06-01 10:18:00 UTC,,2
61811,49385,Shipped,2024-06-01 08:33:00 UTC,,2024-06-02 21:07:00 UTC,,2
2553,2015,Shipped,2024-06-01 12:37:27.783643 UTC,,2024-06-02 00:16:27.783643 UTC,,2
66944,53511,Shipped,2024-05-31 14:54:00 UTC,,2024-06-02 02:58:00 UTC,,2
77488,61946,Shipped,2024-06-01 12:54:35.575283 UTC,,2024-06-02 07:21:35.575283 UTC,,2
18927,15052,Shipped,2024-06-01 01:37:00 UTC,,2024-06-02 09:43:00 UTC,,2
8230,6508,Shipped,2024-05-31 06:31:00 UTC,,2024-06-01 01:03:00 UTC,,2
56678,45271,Shipped,2024-06-01 11:03:28.236154 UTC,,2024-06-03 18:33:28.236154 UTC,,2
87380,69900,Shipped,2024-06-01 09:53:00 UTC,,2024-06-03 03:06:00 UTC,,2
105705,84595,Shipped,2024-06-01 02:15:00 UTC,,2024-06-01 08:45:00 UTC,,2
49572,39611,Shipped,2024-05-31 01:34:00 UTC,,2024-05-31 09:23:00 UTC,,2
84345,67467,Shipped,2024-05-31 14:50:00 UTC,,2024-06-01 01:26:00 UTC,,2
43220,34599,Shipped,2024-05-31 01:22:00 UTC,,2024-06-02 04:00:00 UTC,,2
60429,48292,Shipped,2024-05-31 06:40:00 UTC,,2024-05-31 17:44:00 UTC,,2
116000,92855,Shipped,2024-06-01 06:02:00 UTC,,2024-06-03 06:26:00 UTC,,2
1597,1260,Complete,2024-06-01 12:17:00 UTC,,2024-06-02 01:23:00 UTC,2024-06-06 21:33:00 UTC,2
45825,36657,Complete,2024-06-01 10:23:00 UTC,,2024-06-02 02:21:00 UTC,2024-06-03 21:47:00 UTC,2
82280,65850,Complete,2024-06-01 13:22:00 UTC,,2024-06-03 21:41:00 UTC,2024-06-06 13:13:00 UTC,2
124818,99907,Complete,2024-05-31 12:56:00 UTC,,2024-06-01 05:20:00 UTC,2024-06-01 10:07:00 UTC,2
21309,16980,Complete,2024-06-01 07:15:00 UTC,,2024-06-03 21:44:00 UTC,2024-06-08 13:39:00 UTC,2
58785,46969,Complete,2024-06-01 18:33:00 UTC,,2024-06-03 22:00:00 UTC,2024-06-07 03:05:00 UTC,2
79042,63209,Complete,2024-05-31 17:28:00 UTC,,2024-06-01 11:49:00 UTC,2024-06-02 06:52:00 UTC,2
121490,97248,Complete,2024-05-31 11:54:00 UTC,,2024-06-02 21:51:00 UTC,2024-06-06 19:05:00 UTC,2
87700,70140,Complete,2024-06-01 17:50:00 UTC,,2024-06-04 12:45:00 UTC,2024-06-09 05:16:00 UTC,2
33,31,Complete,2024-06-01 18:38:00 UTC,,2024-06-03 03:12:00 UTC,2024-06-05 03:19:00 UTC,2
47304,37841,Complete,2024-05-31 04:56:00 UTC,,2024-05-31 20:50:00 UTC,2024-06-03 03:16:00 UTC,2
15844,12573,Complete,2024-05-31 00:58:00 UTC,,2024-06-02 01:35:00 UTC,2024-06-03 00:16:00 UTC,2
2293,1810,Complete,2024-06-01 17:55:00 UTC,,2024-06-03 01:10:00 UTC,2024-06-03 11:17:00 UTC,2
26983,21564,Complete,2024-05-31 10:44:00 UTC,,2024-05-31 13:45:00 UTC,2024-06-03 04:30:00 UTC,2
59129,47244,Complete,2024-05-31 08:38:00 UTC,,2024-06-03 08:13:00 UTC,2024-06-04 20:27:00 UTC,2
13856,10998,Complete,2024-05-31 09:34:00 UTC,,2024-06-01 10:07:00 UTC,2024-06-05 02:58:00 UTC,2
11722,9284,Complete,2024-06-01 16:31:00 UTC,,2024-06-02 17:28:00 UTC,2024-06-07 00:31:00 UTC,2
94730,75824,Complete,2024-05-31 18:08:00 UTC,,2024-06-03 01:58:00 UTC,2024-06-05 08:20:00 UTC,2
23376,18645,Complete,2024-05-31 07:54:00 UTC,,2024-05-31 22:54:00 UTC,2024-06-04 14:36:00 UTC,2
55186,44098,Complete,2024-05-31 12:40:00 UTC,,2024-06-03 10:15:00 UTC,2024-06-05 18:04:00 UTC,2
95722,76609,Complete,2024-05-31 03:02:00 UTC,,2024-05-31 21:19:00 UTC,2024-06-03 15:24:00 UTC,2
34340,27443,Complete,2024-05-31 12:02:00 UTC,,2024-05-31 12:11:00 UTC,2024-06-03 13:21:00 UTC,2
85849,68658,Complete,2024-06-01 17:09:51.025019 UTC,,2024-06-04 09:36:51.025019 UTC,2024-06-04 22:38:51.025019 UTC,2
20091,15996,Complete,2024-05-31 09:33:00 UTC,,2024-06-03 07:56:00 UTC,2024-06-04 02:15:00 UTC,2
78969,63146,Complete,2024-05-31 05:03:00 UTC,,2024-06-03 00:45:00 UTC,2024-06-03 23:12:00 UTC,2
97970,78373,Complete,2024-06-01 17:05:33.665548 UTC,,2024-06-02 05:08:33.665548 UTC,2024-06-04 15:52:33.665548 UTC,2
47189,37753,Complete,2024-05-31 02:26:00 UTC,,2024-05-31 13:18:00 UTC,2024-06-03 20:35:00 UTC,2
118778,95074,Complete,2024-06-01 16:18:00 UTC,,2024-06-01 20:47:00 UTC,2024-06-02 10:33:00 UTC,2
8784,6939,Complete,2024-06-01 07:12:00 UTC,,2024-06-02 16:22:00 UTC,2024-06-03 09:50:00 UTC,2
94320,75477,Complete,2024-05-31 14:42:00 UTC,,2024-06-02 08:34:00 UTC,2024-06-03 10:34:00 UTC,2
95151,76171,Complete,2024-05-31 13:55:00 UTC,,2024-06-02 14:44:00 UTC,2024-06-02 23:58:00 UTC,2
60286,48179,Complete,2024-06-01 05:36:00 UTC,,2024-06-02 02:47:00 UTC,2024-06-04 04:41:00 UTC,2
72547,58010,Complete,2024-05-31 03:32:00 UTC,,2024-06-02 07:54:00 UTC,2024-06-03 22:34:00 UTC,2
97904,78321,Complete,2024-06-01 01:42:00 UTC,,2024-06-01 08:09:00 UTC,2024-06-05 21:48:00 UTC,2
90841,72673,Complete,2024-06-01 12:19:47.542861 UTC,,2024-06-02 12:58:47.542861 UTC,2024-06-05 01:02:47.542861 UTC,2
64580,51624,Complete,2024-06-01 15:33:00 UTC,,2024-06-04 05:38:00 UTC,2024-06-04 05:52:00 UTC,2
88065,70449,Complete,2024-06-01 05:00:00 UTC,,2024-06-02 11:34:00 UTC,2024-06-03 23:43:00 UTC,2
67764,54146,Complete,2024-05-31 10:40:00 UTC,,2024-06-01 19:48:00 UTC,2024-06-06 16:44:00 UTC,2
62112,49616,Complete,2024-05-31 17:39:00 UTC,,2024-06-01 02:47:00 UTC,2024-06-02 09:36:00 UTC,2
93659,74992,Complete,2024-05-31 16:49:00 UTC,,2024-06-01 19:12:00 UTC,2024-06-03 15:58:00 UTC,2
47544,38020,Complete,2024-05-31 11:33:00 UTC,,2024-06-01 03:27:00 UTC,2024-06-02 05:59:00 UTC,2
50830,40654,Complete,2024-06-01 11:16:54.194487 UTC,,2024-06-02 09:09:54.194487 UTC,2024-06-05 21:41:54.194487 UTC,2
80880,64703,Complete,2024-05-31 07:20:00 UTC,,2024-06-03 03:32:00 UTC,2024-06-08 02:23:00 UTC,2
68707,54889,Complete,2024-05-31 03:09:00 UTC,,2024-06-02 23:23:00 UTC,2024-06-03 14:22:00 UTC,2
42465,34001,Complete,2024-06-01 05:59:00 UTC,,2024-06-03 13:28:00 UTC,2024-06-04 01:50:00 UTC,2
123159,98548,Complete,2024-05-31 03:52:00 UTC,,2024-06-02 01:18:00 UTC,2024-06-04 20:12:00 UTC,2
94779,75862,Complete,2024-05-31 15:31:00 UTC,,2024-06-03 08:38:00 UTC,2024-06-08 08:28:00 UTC,2
33639,26882,Complete,2024-06-01 09:24:00 UTC,,2024-06-01 20:32:00 UTC,2024-06-03 18:06:00 UTC,2
52157,41679,Complete,2024-05-31 15:45:00 UTC,,2024-06-03 09:27:00 UTC,2024-06-03 16:22:00 UTC,2
77693,62110,Complete,2024-05-31 05:54:00 UTC,,2024-06-01 13:16:00 UTC,2024-06-05 11:23:00 UTC,2
67448,53906,Complete,2024-05-31 08:33:00 UTC,,2024-06-01 07:43:00 UTC,2024-06-06 03:45:00 UTC,2
3254,2570,Complete,2024-06-01 17:52:00 UTC,,2024-06-02 13:06:00 UTC,2024-06-06 05:28:00 UTC,2
66238,52939,Complete,2024-06-01 03:56:00 UTC,,2024-06-02 03:07:00 UTC,2024-06-04 12:38:00 UTC,2
124789,99885,Complete,2024-06-01 13:42:00 UTC,,2024-06-02 12:53:00 UTC,2024-06-05 19:12:00 UTC,2
76963,61569,Complete,2024-06-01 13:26:00 UTC,,2024-06-03 23:02:00 UTC,2024-06-08 12:43:00 UTC,2
46165,36929,Complete,2024-05-31 18:36:00 UTC,,2024-06-01 11:45:00 UTC,2024-06-01 12:10:00 UTC,2
119304,95487,Returned,2024-06-01 16:47:00 UTC,2024-06-06 11:37:00 UTC,2024-06-03 09:38:00 UTC,2024-06-04 23:13:00 UTC,2
97363,77928,Returned,2024-06-01 08:09:00 UTC,2024-06-10 18:31:00 UTC,2024-06-03 21:47:00 UTC,2024-06-08 17:32:00 UTC,2
94031,75257,Returned,2024-06-01 11:25:00 UTC,2024-06-02 18:36:00 UTC,2024-06-02 06:39:00 UTC,2024-06-02 14:45:00 UTC,2
16260,12900,Returned,2024-06-01 17:05:00 UTC,2024-06-08 12:51:00 UTC,2024-06-02 18:02:00 UTC,2024-06-06 02:14:00 UTC,2
103071,82422,Returned,2024-05-31 04:48:00 UTC,2024-06-04 01:15:00 UTC,2024-06-01 23:12:00 UTC,2024-06-02 02:29:00 UTC,2
93621,74960,Returned,2024-05-31 12:08:00 UTC,2024-06-05 02:57:00 UTC,2024-06-02 22:36:00 UTC,2024-06-03 22:44:00 UTC,2
82471,66008,Returned,2024-05-31 15:33:00 UTC,2024-06-05 21:32:00 UTC,2024-06-02 06:25:00 UTC,2024-06-05 08:03:00 UTC,2
105014,84003,Returned,2024-06-01 02:36:00 UTC,2024-06-02 00:42:00 UTC,2024-06-01 04:13:00 UTC,2024-06-01 10:44:00 UTC,2
16923,13440,Returned,2024-06-01 09:36:00 UTC,2024-06-07 19:37:00 UTC,2024-06-03 06:16:00 UTC,2024-06-05 02:59:00 UTC,2
36605,29229,Returned,2024-06-01 03:55:16.802806 UTC,2024-06-06 10:33:16.802806 UTC,2024-06-03 17:14:16.802806 UTC,2024-06-04 23:52:16.802806 UTC,2
118697,95002,Returned,2024-06-01 07:44:00 UTC,2024-06-03 12:21:00 UTC,2024-06-01 21:24:00 UTC,2024-06-02 07:59:00 UTC,2
12623,9998,Returned,2024-05-31 00:59:00 UTC,2024-06-03 01:28:00 UTC,2024-05-31 04:01:00 UTC,2024-06-02 15:05:00 UTC,2
95780,76652,Returned,2024-06-01 03:51:43.300087 UTC,2024-06-08 00:30:43.300087 UTC,2024-06-03 19:05:43.300087 UTC,2024-06-07 18:32:43.300087 UTC,2
19471,15506,Returned,2024-05-31 12:51:00 UTC,2024-06-05 21:56:00 UTC,2024-06-01 14:21:00 UTC,2024-06-03 10:07:00 UTC,2
77465,61929,Returned,2024-06-01 07:34:00 UTC,2024-06-05 13:38:00 UTC,2024-06-02 06:12:00 UTC,2024-06-04 20:43:00 UTC,2
104960,83966,Returned,2024-06-01 02:36:00 UTC,2024-06-06 11:12:00 UTC,2024-06-01 12:34:00 UTC,2024-06-03 23:46:00 UTC,2
67484,53927,Returned,2024-05-31 06:20:00 UTC,2024-06-01 00:20:00 UTC,2024-05-31 08:21:00 UTC,2024-05-31 23:47:00 UTC,2
72692,58128,Returned,2024-05-31 12:30:00 UTC,2024-06-04 15:34:00 UTC,2024-05-31 18:50:00 UTC,2024-06-02 04:30:00 UTC,2
102294,81818,Returned,2024-05-31 07:20:00 UTC,2024-06-08 13:25:00 UTC,2024-06-01 11:13:00 UTC,2024-06-05 15:26:00 UTC,2
5666,4427,Returned,2024-05-31 09:51:00 UTC,2024-06-04 04:32:00 UTC,2024-05-31 22:33:00 UTC,2024-06-03 12:17:00 UTC,2
41120,32909,Returned,2024-06-01 03:42:00 UTC,2024-06-08 23:33:00 UTC,2024-06-03 11:17:00 UTC,2024-06-07 21:10:00 UTC,2
101400,81072,Returned,2024-06-01 15:30:10.58669 UTC,2024-06-10 07:18:10.58669 UTC,2024-06-03 03:46:10.58669 UTC,2024-06-07 19:52:10.58669 UTC,2
9501,7509,Cancelled,2024-06-01 04:49:00 UTC,,,,2
13288,10532,Cancelled,2024-06-01 18:35:00 UTC,,,,2
30485,24367,Cancelled,2024-06-01 05:51:49.8741 UTC,,,,2
87933,70336,Cancelled,2024-06-01 15:43:00 UTC,,,,2
16154,12816,Cancelled,2024-05-31 16:38:00 UTC,,,,2
50509,40392,Cancelled,2024-05-31 16:58:00 UTC,,,,2
15757,12513,Cancelled,2024-05-31 16:34:00 UTC,,,,2
1488,1173,Cancelled,2024-06-01 17:41:00 UTC,,,,2
39928,31966,Cancelled,2024-06-01 09:55:00 UTC,,,,2
37477,29957,Cancelled,2024-06-01 16:14:40.020703 UTC,,,,2
94188,75383,Cancelled,2024-06-01 01:58:00 UTC,,,,2
40528,32440,Cancelled,2024-06-01 00:21:53.041137 UTC,,,,2
101928,81492,Cancelled,2024-06-01 04:30:00 UTC,,,,2
66938,53505,Cancelled,2024-05-31 18:10:00 UTC,,,,2
89833,71872,Cancelled,2024-06-01 07:05:24.241295 UTC,,,,2
52066,41601,Cancelled,2024-06-01 10:48:00 UTC,,,,2
25828,20632,Cancelled,2024-06-01 13:19:00 UTC,,,,2
40651,32539,Cancelled,2024-06-01 17:32:56.02107 UTC,,,,2
14028,11139,Cancelled,2024-06-01 15:26:59.388994 UTC,,,,2
17472,13881,Cancelled,2024-06-01 02:12:00 UTC,,,,2
77846,62236,Processing,2024-05-31 18:18:00 UTC,,,,2
86497,69164,Processing,2024-05-31 09:46:00 UTC,,,,2
5062,3981,Processing,2024-06-01 16:18:00 UTC,,,,2
76881,61509,Processing,2024-06-01 08:46:00 UTC,,,,2
70484,56311,Processing,2024-06-01 03:42:00 UTC,,,,2
37803,30199,Processing,2024-06-01 13:14:00 UTC,,,,2
42179,33753,Processing,2024-05-31 05:20:00 UTC,,,,2
39447,31543,Processing,2024-05-31 00:12:00 UTC,,,,2
108045,86428,Processing,2024-06-01 04:34:00 UTC,,,,2
79887,63902,Processing,2024-06-01 08:15:00 UTC,,,,2
89581,71666,Processing,2024-06-01 05:50:00 UTC,,,,2
25228,20130,Processing,2024-06-01 16:57:00 UTC,,,,2
85850,68658,Processing,2024-06-01 17:09:51.025019 UTC,,,,2
83371,66686,Processing,2024-06-01 03:32:00 UTC,,,,2
70969,56705,Processing,2024-06-01 04:22:00 UTC,,,,2
56470,45108,Processing,2024-05-31 05:48:00 UTC,,,,2
102439,81923,Processing,2024-06-01 12:10:00 UTC,,,,2
80378,64300,Processing,2024-05-31 16:54:00 UTC,,,,2
33917,27101,Processing,2024-06-01 18:04:00 UTC,,,,2
16315,12949,Processing,2024-05-31 14:07:00 UTC,,,,2
41020,32843,Processing,2024-05-31 09:14:00 UTC,,,,2
124103,99326,Processing,2024-06-01 10:33:00 UTC,,,,2
60352,48236,Processing,2024-06-01 06:40:00 UTC,,,,2
63094,50409,Processing,2024-06-01 13:07:00 UTC,,,,2
20336,16208,Processing,2024-05-31 18:13:00 UTC,,,,2
39580,31671,Processing,2024-06-01 11:54:00 UTC,,,,2
92037,73681,Processing,2024-05-31 03:43:00 UTC,,,,2
98250,78592,Processing,2024-06-01 11:27:00 UTC,,,,2
102559,82019,Processing,2024-06-01 00:47:00 UTC,,,,2
84324,67450,Processing,2024-05-31 08:35:00 UTC,,,,2
124162,99384,Processing,2024-06-01 13:02:00 UTC,,,,2
42257,33814,Processing,2024-06-01 10:24:33.824382 UTC,,,,2
107241,85772,Processing,2024-06-01 14:17:00 UTC,,,,2
90158,72125,Processing,2024-05-31 00:46:00 UTC,,,,2
26982,21561,Processing,2024-06-01 08:39:00 UTC,,,,2
64421,51499,Processing,2024-05-31 05:17:00 UTC,,,,2
22693,18095,Processing,2024-06-01 00:52:00 UTC,,,,2
62496,49935,Processing,2024-05-31 16:20:00 UTC,,,,2
111578,89232,Processing,2024-06-01 11:39:17.282615 UTC,,,,2
79200,63347,Processing,2024-05-31 18:53:00 UTC,,,,2
42975,34424,Shipped,2024-06-01 11:27:00 UTC,,2024-06-03 05:13:00 UTC,,3
110074,88000,Shipped,2024-06-01 07:59:00 UTC,,2024-06-03 07:43:00 UTC,,3
81822,65475,Shipped,2024-06-01 15:01:00 UTC,,2024-06-03 10:55:00 UTC,,3
22641,18054,Shipped,2024-05-31 03:35:00 UTC,,2024-06-01 20:01:00 UTC,,3
71323,56997,Shipped,2024-05-31 04:52:00 UTC,,2024-06-03 01:17:00 UTC,,3
69038,55170,Shipped,2024-06-01 02:26:00 UTC,,2024-06-01 23:24:00 UTC,,3
53726,42913,Shipped,2024-05-31 14:30:00 UTC,,2024-06-01 00:05:00 UTC,,3
108228,86571,Shipped,2024-06-01 18:59:00 UTC,,2024-06-02 21:22:00 UTC,,3
68004,54333,Shipped,2024-05-31 14:29:00 UTC,,2024-06-02 01:07:00 UTC,,3
67361,53834,Shipped,2024-06-01 07:08:00 UTC,,2024-06-03 21:55:00 UTC,,3
55866,44615,Shipped,2024-05-31 16:25:00 UTC,,2024-06-03 00:32:00 UTC,,3
81890,65533,Shipped,2024-05-31 11:43:00 UTC,,2024-06-02 13:08:00 UTC,,3
88957,71156,Shipped,2024-06-01 10:48:00 UTC,,2024-06-03 00:49:00 UTC,,3
46750,37388,Shipped,2024-06-01 05:57:18.634065 UTC,,2024-06-04 04:05:18.634065 UTC,,3
72413,57895,Shipped,2024-05-31 09:14:00 UTC,,2024-06-03 04:19:00 UTC,,3
80464,64372,Shipped,2024-06-01 16:03:00 UTC,,2024-06-01 18:16:00 UTC,,3
77432,61906,Shipped,2024-06-01 00:37:00 UTC,,2024-06-02 22:21:00 UTC,,3
122904,98373,Shipped,2024-06-01 06:46:00 UTC,,2024-06-03 08:36:00 UTC,,3
38826,31057,Complete,2024-05-31 08:40:00 UTC,,2024-06-02 04:21:00 UTC,2024-06-05 18:19:00 UTC,3
7757,6124,Complete,2024-06-01 05:16:00 UTC,,2024-06-03 14:28:00 UTC,2024-06-06 02:50:00 UTC,3
118944,95221,Complete,2024-05-31 12:57:00 UTC,,2024-06-02 09:00:00 UTC,2024-06-06 04:12:00 UTC,3
55417,44261,Returned,2024-06-01 01:13:58.509296 UTC,2024-06-07 12:15:58.509296 UTC,2024-06-01 08:19:58.509296 UTC,2024-06-04 18:27:58.509296 UTC,3
25121,20042,Cancelled,2024-06-01 10:56:00 UTC,,,,3
87674,70120,Cancelled,2024-06-01 11:36:33.386395 UTC,,,,3
97589,78097,Cancelled,2024-05-31 03:58:00 UTC,,,,3
94791,75873,Cancelled,2024-06-01 15:07:00 UTC,,,,3
54671,43663,Cancelled,2024-05-31 16:40:00 UTC,,,,3
105345,84297,Cancelled,2024-06-01 17:35:00 UTC,,,,3
18396,14617,Cancelled,2024-05-31 05:14:00 UTC,,,,3
64551,51605,Cancelled,2024-05-31 04:35:00 UTC,,,,3
14286,11335,Processing,2024-06-01 12:16:00 UTC,,,,3
32659,26107,Processing,2024-05-31 14:24:00 UTC,,,,3
39106,31270,Processing,2024-06-01 03:29:00 UTC,,,,3
22030,17583,Processing,2024-05-31 05:41:00 UTC,,,,3
118499,94848,Processing,2024-06-01 14:45:00 UTC,,,,3
53352,42624,Processing,2024-06-01 16:46:00 UTC,,,,3
28305,22603,Processing,2024-06-01 09:37:00 UTC,,,,3
77006,61603,Processing,2024-06-01 04:31:25.324684 UTC,,,,3
59276,47356,Shipped,2024-05-31 09:44:00 UTC,,2024-06-02 15:17:00 UTC,,4
75254,60228,Shipped,2024-05-31 06:43:00 UTC,,2024-06-03 04:16:00 UTC,,4
114206,91430,Shipped,2024-06-01 03:54:00 UTC,,2024-06-03 02:05:00 UTC,,4
28537,22785,Shipped,2024-06-01 01:32:00 UTC,,2024-06-02 07:09:00 UTC,,4
58965,47104,Shipped,2024-05-31 10:03:00 UTC,,2024-06-01 04:43:00 UTC,,4
118364,94735,Shipped,2024-05-31 06:02:00 UTC,,2024-06-01 12:29:00 UTC,,4
15938,12650,Shipped,2024-05-31 10:28:00 UTC,,2024-06-02 13:54:00 UTC,,4
1651,1300,Shipped,2024-06-01 03:14:00 UTC,,2024-06-04 00:09:00 UTC,,4
3183,2517,Shipped,2024-06-01 06:01:00 UTC,,2024-06-03 14:22:00 UTC,,4
24037,19173,Shipped,2024-06-01 14:53:00 UTC,,2024-06-02 16:54:00 UTC,,4
75024,60061,Shipped,2024-06-01 08:06:40.003371 UTC,,2024-06-02 12:19:40.003371 UTC,,4
38863,31080,Shipped,2024-05-31 13:26:00 UTC,,2024-06-01 20:38:00 UTC,,4
77774,62174,Shipped,2024-05-31 02:08:00 UTC,,2024-06-01 09:44:00 UTC,,4
75917,60746,Complete,2024-05-31 16:55:00 UTC,,2024-06-03 09:32:00 UTC,2024-06-07 17:24:00 UTC,4
101344,81031,Complete,2024-06-01 16:47:00 UTC,,2024-06-04 08:15:00 UTC,2024-06-07 09:40:00 UTC,4
30303,24227,Complete,2024-06-01 17:18:00 UTC,,2024-06-03 19:17:00 UTC,2024-06-04 20:33:00 UTC,4
33364,26675,Returned,2024-05-31 15:52:00 UTC,2024-06-05 04:13:00 UTC,2024-06-02 13:03:00 UTC,2024-06-04 02:17:00 UTC,4
100458,80366,Returned,2024-05-31 15:24:00 UTC,2024-06-04 02:25:00 UTC,2024-06-01 00:16:00 UTC,2024-06-02 22:47:00 UTC,4
60237,48141,Returned,2024-06-01 09:11:00 UTC,2024-06-09 10:59:00 UTC,2024-06-01 16:47:00 UTC,2024-06-06 16:35:00 UTC,4
35191,28122,Returned,2024-05-31 10:17:00 UTC,2024-06-05 12:37:00 UTC,2024-06-01 10:08:00 UTC,2024-06-03 02:16:00 UTC,4
86175,68910,Returned,2024-05-31 00:23:00 UTC,2024-06-03 17:32:00 UTC,2024-05-31 15:27:00 UTC,2024-06-01 10:17:00 UTC,4
110106,88024,Returned,2024-06-01 11:15:00 UTC,2024-06-06 00:13:00 UTC,2024-06-01 15:55:00 UTC,2024-06-04 09:27:00 UTC,4
3636,2874,Cancelled,2024-05-31 18:31:00 UTC,,,,4
55189,44100,Cancelled,2024-06-01 19:12:53.704985 UTC,,,,4
69878,55853,Cancelled,2024-05-31 15:50:00 UTC,,,,4
34742,27778,Cancelled,2024-06-01 03:21:00 UTC,,,,4
27832,22218,Cancelled,2024-05-31 17:39:00 UTC,,,,4
56116,44797,Cancelled,2024-05-31 16:54:00 UTC,,,,4
121988,97643,Cancelled,2024-06-01 00:59:00 UTC,,,,4
100393,80319,Cancelled,2024-06-01 15:40:37.416682 UTC,,,,4
75566,60469,Processing,2024-06-01 09:43:52.009969 UTC,,,,4
23385,18652,Processing,2024-05-31 08:12:00 UTC,,,,4
51034,40839,Processing,2024-05-31 06:01:00 UTC,,,,4
57978,46348,Processing,2024-06-01 00:35:00 UTC,,,,4
92248,73857,Processing,2024-05-31 16:33:00 UTC,,,,4
74349,59494,Processing,2024-05-31 05:24:00 UTC,,,,4
